class	path
com.google.gson.Gson	/home/nima/Developer/nullness-benchmarks/gson/gson/src/main/java/com/google/gson/Gson.java
com.google.gson.Gson$1	/home/nima/Developer/nullness-benchmarks/gson/gson/src/main/java/com/google/gson/Gson.java
com.google.gson.Gson$2	/home/nima/Developer/nullness-benchmarks/gson/gson/src/main/java/com/google/gson/Gson.java
com.google.gson.Gson$3	/home/nima/Developer/nullness-benchmarks/gson/gson/src/main/java/com/google/gson/Gson.java
com.google.gson.Gson$4	/home/nima/Developer/nullness-benchmarks/gson/gson/src/main/java/com/google/gson/Gson.java
com.google.gson.Gson$5	/home/nima/Developer/nullness-benchmarks/gson/gson/src/main/java/com/google/gson/Gson.java
com.google.gson.Gson$FutureTypeAdapter	/home/nima/Developer/nullness-benchmarks/gson/gson/src/main/java/com/google/gson/Gson.java
com.google.gson.GsonBuilder	/home/nima/Developer/nullness-benchmarks/gson/gson/src/main/java/com/google/gson/GsonBuilder.java
com.google.gson.internal.Excluder	/home/nima/Developer/nullness-benchmarks/gson/gson/src/main/java/com/google/gson/internal/Excluder.java
com.google.gson.internal.Excluder$1	/home/nima/Developer/nullness-benchmarks/gson/gson/src/main/java/com/google/gson/internal/Excluder.java
com.google.gson.TypeAdapterFactory	/home/nima/Developer/nullness-benchmarks/gson/gson/src/main/java/com/google/gson/TypeAdapterFactory.java
com.google.gson.LongSerializationPolicy	/home/nima/Developer/nullness-benchmarks/gson/gson/src/main/java/com/google/gson/LongSerializationPolicy.java
com.google.gson.LongSerializationPolicy$1	/home/nima/Developer/nullness-benchmarks/gson/gson/src/main/java/com/google/gson/LongSerializationPolicy.java
com.google.gson.LongSerializationPolicy$2	/home/nima/Developer/nullness-benchmarks/gson/gson/src/main/java/com/google/gson/LongSerializationPolicy.java
com.google.gson.FieldNamingStrategy	/home/nima/Developer/nullness-benchmarks/gson/gson/src/main/java/com/google/gson/FieldNamingStrategy.java
com.google.gson.InstanceCreator	/home/nima/Developer/nullness-benchmarks/gson/gson/src/main/java/com/google/gson/InstanceCreator.java
com.google.gson.FieldNamingPolicy	/home/nima/Developer/nullness-benchmarks/gson/gson/src/main/java/com/google/gson/FieldNamingPolicy.java
com.google.gson.FieldNamingPolicy$1	/home/nima/Developer/nullness-benchmarks/gson/gson/src/main/java/com/google/gson/FieldNamingPolicy.java
com.google.gson.FieldNamingPolicy$2	/home/nima/Developer/nullness-benchmarks/gson/gson/src/main/java/com/google/gson/FieldNamingPolicy.java
com.google.gson.FieldNamingPolicy$3	/home/nima/Developer/nullness-benchmarks/gson/gson/src/main/java/com/google/gson/FieldNamingPolicy.java
com.google.gson.FieldNamingPolicy$4	/home/nima/Developer/nullness-benchmarks/gson/gson/src/main/java/com/google/gson/FieldNamingPolicy.java
com.google.gson.FieldNamingPolicy$5	/home/nima/Developer/nullness-benchmarks/gson/gson/src/main/java/com/google/gson/FieldNamingPolicy.java
com.google.gson.FieldNamingPolicy$6	/home/nima/Developer/nullness-benchmarks/gson/gson/src/main/java/com/google/gson/FieldNamingPolicy.java
com.google.gson.ExclusionStrategy	/home/nima/Developer/nullness-benchmarks/gson/gson/src/main/java/com/google/gson/ExclusionStrategy.java
com.google.gson.FieldAttributes	/home/nima/Developer/nullness-benchmarks/gson/gson/src/main/java/com/google/gson/FieldAttributes.java
com.google.gson.JsonElement	/home/nima/Developer/nullness-benchmarks/gson/gson/src/main/java/com/google/gson/JsonElement.java
com.google.gson.JsonObject	/home/nima/Developer/nullness-benchmarks/gson/gson/src/main/java/com/google/gson/JsonObject.java
com.google.gson.JsonArray	/home/nima/Developer/nullness-benchmarks/gson/gson/src/main/java/com/google/gson/JsonArray.java
com.google.gson.JsonPrimitive	/home/nima/Developer/nullness-benchmarks/gson/gson/src/main/java/com/google/gson/JsonPrimitive.java
com.google.gson.JsonNull	/home/nima/Developer/nullness-benchmarks/gson/gson/src/main/java/com/google/gson/JsonNull.java
com.google.gson.internal.LinkedTreeMap	/home/nima/Developer/nullness-benchmarks/gson/gson/src/main/java/com/google/gson/internal/LinkedTreeMap.java
com.google.gson.internal.LinkedTreeMap$1	/home/nima/Developer/nullness-benchmarks/gson/gson/src/main/java/com/google/gson/internal/LinkedTreeMap.java
com.google.gson.internal.LinkedTreeMap$Node	/home/nima/Developer/nullness-benchmarks/gson/gson/src/main/java/com/google/gson/internal/LinkedTreeMap.java
com.google.gson.internal.LinkedTreeMap$LinkedTreeMapIterator	/home/nima/Developer/nullness-benchmarks/gson/gson/src/main/java/com/google/gson/internal/LinkedTreeMap.java
com.google.gson.internal.LinkedTreeMap$EntrySet	/home/nima/Developer/nullness-benchmarks/gson/gson/src/main/java/com/google/gson/internal/LinkedTreeMap.java
com.google.gson.internal.LinkedTreeMap$EntrySet$1	/home/nima/Developer/nullness-benchmarks/gson/gson/src/main/java/com/google/gson/internal/LinkedTreeMap.java
com.google.gson.internal.LinkedTreeMap$KeySet	/home/nima/Developer/nullness-benchmarks/gson/gson/src/main/java/com/google/gson/internal/LinkedTreeMap.java
com.google.gson.internal.LinkedTreeMap$KeySet$1	/home/nima/Developer/nullness-benchmarks/gson/gson/src/main/java/com/google/gson/internal/LinkedTreeMap.java
com.google.gson.reflect.TypeToken	/home/nima/Developer/nullness-benchmarks/gson/gson/src/main/java/com/google/gson/reflect/TypeToken.java
com.google.gson.TypeAdapter	/home/nima/Developer/nullness-benchmarks/gson/gson/src/main/java/com/google/gson/TypeAdapter.java
com.google.gson.TypeAdapter$1	/home/nima/Developer/nullness-benchmarks/gson/gson/src/main/java/com/google/gson/TypeAdapter.java
com.google.gson.annotations.Since	/home/nima/Developer/nullness-benchmarks/gson/gson/src/main/java/com/google/gson/annotations/Since.java
com.google.gson.annotations.Until	/home/nima/Developer/nullness-benchmarks/gson/gson/src/main/java/com/google/gson/annotations/Until.java
com.google.gson.stream.JsonScope	/home/nima/Developer/nullness-benchmarks/gson/gson/src/main/java/com/google/gson/stream/JsonScope.java
com.google.gson.stream.JsonWriter	/home/nima/Developer/nullness-benchmarks/gson/gson/src/main/java/com/google/gson/stream/JsonWriter.java
com.google.gson.stream.JsonReader	/home/nima/Developer/nullness-benchmarks/gson/gson/src/main/java/com/google/gson/stream/JsonReader.java
com.google.gson.stream.JsonReader$1	/home/nima/Developer/nullness-benchmarks/gson/gson/src/main/java/com/google/gson/stream/JsonReader.java
com.google.gson.stream.JsonToken	/home/nima/Developer/nullness-benchmarks/gson/gson/src/main/java/com/google/gson/stream/JsonToken.java
com.google.gson.internal.ConstructorConstructor	/home/nima/Developer/nullness-benchmarks/gson/gson/src/main/java/com/google/gson/internal/ConstructorConstructor.java
com.google.gson.internal.ConstructorConstructor$1	/home/nima/Developer/nullness-benchmarks/gson/gson/src/main/java/com/google/gson/internal/ConstructorConstructor.java
com.google.gson.internal.ConstructorConstructor$2	/home/nima/Developer/nullness-benchmarks/gson/gson/src/main/java/com/google/gson/internal/ConstructorConstructor.java
com.google.gson.internal.ConstructorConstructor$3	/home/nima/Developer/nullness-benchmarks/gson/gson/src/main/java/com/google/gson/internal/ConstructorConstructor.java
com.google.gson.internal.ConstructorConstructor$4	/home/nima/Developer/nullness-benchmarks/gson/gson/src/main/java/com/google/gson/internal/ConstructorConstructor.java
com.google.gson.internal.ConstructorConstructor$5	/home/nima/Developer/nullness-benchmarks/gson/gson/src/main/java/com/google/gson/internal/ConstructorConstructor.java
com.google.gson.internal.ConstructorConstructor$6	/home/nima/Developer/nullness-benchmarks/gson/gson/src/main/java/com/google/gson/internal/ConstructorConstructor.java
com.google.gson.internal.ConstructorConstructor$7	/home/nima/Developer/nullness-benchmarks/gson/gson/src/main/java/com/google/gson/internal/ConstructorConstructor.java
com.google.gson.internal.ConstructorConstructor$8	/home/nima/Developer/nullness-benchmarks/gson/gson/src/main/java/com/google/gson/internal/ConstructorConstructor.java
com.google.gson.internal.ConstructorConstructor$9	/home/nima/Developer/nullness-benchmarks/gson/gson/src/main/java/com/google/gson/internal/ConstructorConstructor.java
com.google.gson.internal.ConstructorConstructor$10	/home/nima/Developer/nullness-benchmarks/gson/gson/src/main/java/com/google/gson/internal/ConstructorConstructor.java
com.google.gson.internal.ConstructorConstructor$11	/home/nima/Developer/nullness-benchmarks/gson/gson/src/main/java/com/google/gson/internal/ConstructorConstructor.java
com.google.gson.internal.ConstructorConstructor$12	/home/nima/Developer/nullness-benchmarks/gson/gson/src/main/java/com/google/gson/internal/ConstructorConstructor.java
com.google.gson.internal.ConstructorConstructor$13	/home/nima/Developer/nullness-benchmarks/gson/gson/src/main/java/com/google/gson/internal/ConstructorConstructor.java
com.google.gson.internal.ConstructorConstructor$14	/home/nima/Developer/nullness-benchmarks/gson/gson/src/main/java/com/google/gson/internal/ConstructorConstructor.java
com.google.gson.internal.bind.JsonAdapterAnnotationTypeAdapterFactory	/home/nima/Developer/nullness-benchmarks/gson/gson/src/main/java/com/google/gson/internal/bind/JsonAdapterAnnotationTypeAdapterFactory.java
com.google.gson.JsonIOException	/home/nima/Developer/nullness-benchmarks/gson/gson/src/main/java/com/google/gson/JsonIOException.java
com.google.gson.JsonParseException	/home/nima/Developer/nullness-benchmarks/gson/gson/src/main/java/com/google/gson/JsonParseException.java
com.google.gson.JsonSyntaxException	/home/nima/Developer/nullness-benchmarks/gson/gson/src/main/java/com/google/gson/JsonSyntaxException.java
com.google.gson.annotations.JsonAdapter	/home/nima/Developer/nullness-benchmarks/gson/gson/src/main/java/com/google/gson/annotations/JsonAdapter.java
com.google.gson.internal.reflect.ReflectionAccessor	/home/nima/Developer/nullness-benchmarks/gson/gson/src/main/java/com/google/gson/internal/reflect/ReflectionAccessor.java
com.google.gson.internal.ObjectConstructor	/home/nima/Developer/nullness-benchmarks/gson/gson/src/main/java/com/google/gson/internal/ObjectConstructor.java
com.google.gson.NullUnmarked	/home/nima/Developer/nullness-benchmarks/gson/gson/src/main/java/com/google/gson/NullUnmarked.java
com.google.gson.JsonDeserializationContext	/home/nima/Developer/nullness-benchmarks/gson/gson/src/main/java/com/google/gson/JsonDeserializationContext.java
com.google.gson.JsonSerializer	/home/nima/Developer/nullness-benchmarks/gson/gson/src/main/java/com/google/gson/JsonSerializer.java
com.google.gson.JsonSerializationContext	/home/nima/Developer/nullness-benchmarks/gson/gson/src/main/java/com/google/gson/JsonSerializationContext.java
com.google.gson.DefaultDateTypeAdapter	/home/nima/Developer/nullness-benchmarks/gson/gson/src/main/java/com/google/gson/DefaultDateTypeAdapter.java
com.google.gson.annotations.SerializedName	/home/nima/Developer/nullness-benchmarks/gson/gson/src/main/java/com/google/gson/annotations/SerializedName.java
com.google.gson.annotations.Expose	/home/nima/Developer/nullness-benchmarks/gson/gson/src/main/java/com/google/gson/annotations/Expose.java
com.google.gson.JsonStreamParser	/home/nima/Developer/nullness-benchmarks/gson/gson/src/main/java/com/google/gson/JsonStreamParser.java
com.google.gson.internal.JsonReaderInternalAccess	/home/nima/Developer/nullness-benchmarks/gson/gson/src/main/java/com/google/gson/internal/JsonReaderInternalAccess.java
com.google.gson.internal.LinkedHashTreeMap	/home/nima/Developer/nullness-benchmarks/gson/gson/src/main/java/com/google/gson/internal/LinkedHashTreeMap.java
com.google.gson.internal.LinkedHashTreeMap$1	/home/nima/Developer/nullness-benchmarks/gson/gson/src/main/java/com/google/gson/internal/LinkedHashTreeMap.java
com.google.gson.internal.LinkedHashTreeMap$Node	/home/nima/Developer/nullness-benchmarks/gson/gson/src/main/java/com/google/gson/internal/LinkedHashTreeMap.java
com.google.gson.internal.LinkedHashTreeMap$AvlIterator	/home/nima/Developer/nullness-benchmarks/gson/gson/src/main/java/com/google/gson/internal/LinkedHashTreeMap.java
com.google.gson.internal.LinkedHashTreeMap$AvlBuilder	/home/nima/Developer/nullness-benchmarks/gson/gson/src/main/java/com/google/gson/internal/LinkedHashTreeMap.java
com.google.gson.internal.LinkedHashTreeMap$LinkedTreeMapIterator	/home/nima/Developer/nullness-benchmarks/gson/gson/src/main/java/com/google/gson/internal/LinkedHashTreeMap.java
com.google.gson.internal.LinkedHashTreeMap$EntrySet	/home/nima/Developer/nullness-benchmarks/gson/gson/src/main/java/com/google/gson/internal/LinkedHashTreeMap.java
com.google.gson.internal.LinkedHashTreeMap$EntrySet$1	/home/nima/Developer/nullness-benchmarks/gson/gson/src/main/java/com/google/gson/internal/LinkedHashTreeMap.java
com.google.gson.internal.LinkedHashTreeMap$KeySet	/home/nima/Developer/nullness-benchmarks/gson/gson/src/main/java/com/google/gson/internal/LinkedHashTreeMap.java
com.google.gson.internal.LinkedHashTreeMap$KeySet$1	/home/nima/Developer/nullness-benchmarks/gson/gson/src/main/java/com/google/gson/internal/LinkedHashTreeMap.java
com.google.gson.internal.Streams	/home/nima/Developer/nullness-benchmarks/gson/gson/src/main/java/com/google/gson/internal/Streams.java
com.google.gson.internal.Streams$AppendableWriter	/home/nima/Developer/nullness-benchmarks/gson/gson/src/main/java/com/google/gson/internal/Streams.java
com.google.gson.internal.Streams$AppendableWriter$CurrentWrite	/home/nima/Developer/nullness-benchmarks/gson/gson/src/main/java/com/google/gson/internal/Streams.java
com.google.gson.internal.LazilyParsedNumber	/home/nima/Developer/nullness-benchmarks/gson/gson/src/main/java/com/google/gson/internal/LazilyParsedNumber.java
com.google.gson.internal.Primitives	/home/nima/Developer/nullness-benchmarks/gson/gson/src/main/java/com/google/gson/internal/Primitives.java
com.google.gson.internal.JavaVersion	/home/nima/Developer/nullness-benchmarks/gson/gson/src/main/java/com/google/gson/internal/JavaVersion.java
com.google.gson.internal.$Gson$Preconditions	/home/nima/Developer/nullness-benchmarks/gson/gson/src/main/java/com/google/gson/internal/$Gson$Preconditions.java
com.google.gson.internal.reflect.UnsafeReflectionAccessor	/home/nima/Developer/nullness-benchmarks/gson/gson/src/main/java/com/google/gson/internal/reflect/UnsafeReflectionAccessor.java
com.google.gson.internal.reflect.PreJava9ReflectionAccessor	/home/nima/Developer/nullness-benchmarks/gson/gson/src/main/java/com/google/gson/internal/reflect/PreJava9ReflectionAccessor.java
com.google.gson.internal.UnsafeAllocator	/home/nima/Developer/nullness-benchmarks/gson/gson/src/main/java/com/google/gson/internal/UnsafeAllocator.java
com.google.gson.internal.UnsafeAllocator$1	/home/nima/Developer/nullness-benchmarks/gson/gson/src/main/java/com/google/gson/internal/UnsafeAllocator.java
com.google.gson.internal.UnsafeAllocator$2	/home/nima/Developer/nullness-benchmarks/gson/gson/src/main/java/com/google/gson/internal/UnsafeAllocator.java
com.google.gson.internal.UnsafeAllocator$3	/home/nima/Developer/nullness-benchmarks/gson/gson/src/main/java/com/google/gson/internal/UnsafeAllocator.java
com.google.gson.internal.UnsafeAllocator$4	/home/nima/Developer/nullness-benchmarks/gson/gson/src/main/java/com/google/gson/internal/UnsafeAllocator.java
com.google.gson.internal.$Gson$Types	/home/nima/Developer/nullness-benchmarks/gson/gson/src/main/java/com/google/gson/internal/$Gson$Types.java
com.google.gson.internal.$Gson$Types$ParameterizedTypeImpl	/home/nima/Developer/nullness-benchmarks/gson/gson/src/main/java/com/google/gson/internal/$Gson$Types.java
com.google.gson.internal.$Gson$Types$GenericArrayTypeImpl	/home/nima/Developer/nullness-benchmarks/gson/gson/src/main/java/com/google/gson/internal/$Gson$Types.java
com.google.gson.internal.$Gson$Types$WildcardTypeImpl	/home/nima/Developer/nullness-benchmarks/gson/gson/src/main/java/com/google/gson/internal/$Gson$Types.java
com.google.gson.internal.bind.JsonTreeWriter	/home/nima/Developer/nullness-benchmarks/gson/gson/src/main/java/com/google/gson/internal/bind/JsonTreeWriter.java
com.google.gson.internal.bind.JsonTreeWriter$1	/home/nima/Developer/nullness-benchmarks/gson/gson/src/main/java/com/google/gson/internal/bind/JsonTreeWriter.java
com.google.gson.internal.bind.DateTypeAdapter	/home/nima/Developer/nullness-benchmarks/gson/gson/src/main/java/com/google/gson/internal/bind/DateTypeAdapter.java
com.google.gson.internal.bind.DateTypeAdapter$1	/home/nima/Developer/nullness-benchmarks/gson/gson/src/main/java/com/google/gson/internal/bind/DateTypeAdapter.java
com.google.gson.internal.bind.TimeTypeAdapter	/home/nima/Developer/nullness-benchmarks/gson/gson/src/main/java/com/google/gson/internal/bind/TimeTypeAdapter.java
com.google.gson.internal.bind.TimeTypeAdapter$1	/home/nima/Developer/nullness-benchmarks/gson/gson/src/main/java/com/google/gson/internal/bind/TimeTypeAdapter.java
com.google.gson.internal.bind.util.ISO8601Utils	/home/nima/Developer/nullness-benchmarks/gson/gson/src/main/java/com/google/gson/internal/bind/util/ISO8601Utils.java
com.google.gson.internal.bind.ReflectiveTypeAdapterFactory	/home/nima/Developer/nullness-benchmarks/gson/gson/src/main/java/com/google/gson/internal/bind/ReflectiveTypeAdapterFactory.java
com.google.gson.internal.bind.ReflectiveTypeAdapterFactory$1	/home/nima/Developer/nullness-benchmarks/gson/gson/src/main/java/com/google/gson/internal/bind/ReflectiveTypeAdapterFactory.java
com.google.gson.internal.bind.ReflectiveTypeAdapterFactory$BoundField	/home/nima/Developer/nullness-benchmarks/gson/gson/src/main/java/com/google/gson/internal/bind/ReflectiveTypeAdapterFactory.java
com.google.gson.internal.bind.ReflectiveTypeAdapterFactory$Adapter	/home/nima/Developer/nullness-benchmarks/gson/gson/src/main/java/com/google/gson/internal/bind/ReflectiveTypeAdapterFactory.java
com.google.gson.internal.bind.ObjectTypeAdapter	/home/nima/Developer/nullness-benchmarks/gson/gson/src/main/java/com/google/gson/internal/bind/ObjectTypeAdapter.java
com.google.gson.internal.bind.ObjectTypeAdapter$1	/home/nima/Developer/nullness-benchmarks/gson/gson/src/main/java/com/google/gson/internal/bind/ObjectTypeAdapter.java
com.google.gson.internal.bind.CollectionTypeAdapterFactory	/home/nima/Developer/nullness-benchmarks/gson/gson/src/main/java/com/google/gson/internal/bind/CollectionTypeAdapterFactory.java
com.google.gson.internal.bind.CollectionTypeAdapterFactory$Adapter	/home/nima/Developer/nullness-benchmarks/gson/gson/src/main/java/com/google/gson/internal/bind/CollectionTypeAdapterFactory.java
com.google.gson.internal.bind.JsonTreeReader	/home/nima/Developer/nullness-benchmarks/gson/gson/src/main/java/com/google/gson/internal/bind/JsonTreeReader.java
com.google.gson.internal.bind.JsonTreeReader$1	/home/nima/Developer/nullness-benchmarks/gson/gson/src/main/java/com/google/gson/internal/bind/JsonTreeReader.java
com.google.gson.internal.bind.TypeAdapterRuntimeTypeWrapper	/home/nima/Developer/nullness-benchmarks/gson/gson/src/main/java/com/google/gson/internal/bind/TypeAdapterRuntimeTypeWrapper.java
com.google.gson.internal.bind.MapTypeAdapterFactory	/home/nima/Developer/nullness-benchmarks/gson/gson/src/main/java/com/google/gson/internal/bind/MapTypeAdapterFactory.java
com.google.gson.internal.bind.MapTypeAdapterFactory$Adapter	/home/nima/Developer/nullness-benchmarks/gson/gson/src/main/java/com/google/gson/internal/bind/MapTypeAdapterFactory.java
com.google.gson.internal.bind.SqlDateTypeAdapter	/home/nima/Developer/nullness-benchmarks/gson/gson/src/main/java/com/google/gson/internal/bind/SqlDateTypeAdapter.java
com.google.gson.internal.bind.SqlDateTypeAdapter$1	/home/nima/Developer/nullness-benchmarks/gson/gson/src/main/java/com/google/gson/internal/bind/SqlDateTypeAdapter.java
com.google.gson.internal.bind.TypeAdapters	/home/nima/Developer/nullness-benchmarks/gson/gson/src/main/java/com/google/gson/internal/bind/TypeAdapters.java
com.google.gson.internal.bind.TypeAdapters$1	/home/nima/Developer/nullness-benchmarks/gson/gson/src/main/java/com/google/gson/internal/bind/TypeAdapters.java
com.google.gson.internal.bind.TypeAdapters$2	/home/nima/Developer/nullness-benchmarks/gson/gson/src/main/java/com/google/gson/internal/bind/TypeAdapters.java
com.google.gson.internal.bind.TypeAdapters$3	/home/nima/Developer/nullness-benchmarks/gson/gson/src/main/java/com/google/gson/internal/bind/TypeAdapters.java
com.google.gson.internal.bind.TypeAdapters$4	/home/nima/Developer/nullness-benchmarks/gson/gson/src/main/java/com/google/gson/internal/bind/TypeAdapters.java
com.google.gson.internal.bind.TypeAdapters$5	/home/nima/Developer/nullness-benchmarks/gson/gson/src/main/java/com/google/gson/internal/bind/TypeAdapters.java
com.google.gson.internal.bind.TypeAdapters$6	/home/nima/Developer/nullness-benchmarks/gson/gson/src/main/java/com/google/gson/internal/bind/TypeAdapters.java
com.google.gson.internal.bind.TypeAdapters$7	/home/nima/Developer/nullness-benchmarks/gson/gson/src/main/java/com/google/gson/internal/bind/TypeAdapters.java
com.google.gson.internal.bind.TypeAdapters$8	/home/nima/Developer/nullness-benchmarks/gson/gson/src/main/java/com/google/gson/internal/bind/TypeAdapters.java
com.google.gson.internal.bind.TypeAdapters$9	/home/nima/Developer/nullness-benchmarks/gson/gson/src/main/java/com/google/gson/internal/bind/TypeAdapters.java
com.google.gson.internal.bind.TypeAdapters$10	/home/nima/Developer/nullness-benchmarks/gson/gson/src/main/java/com/google/gson/internal/bind/TypeAdapters.java
com.google.gson.internal.bind.TypeAdapters$11	/home/nima/Developer/nullness-benchmarks/gson/gson/src/main/java/com/google/gson/internal/bind/TypeAdapters.java
com.google.gson.internal.bind.TypeAdapters$12	/home/nima/Developer/nullness-benchmarks/gson/gson/src/main/java/com/google/gson/internal/bind/TypeAdapters.java
com.google.gson.internal.bind.TypeAdapters$13	/home/nima/Developer/nullness-benchmarks/gson/gson/src/main/java/com/google/gson/internal/bind/TypeAdapters.java
com.google.gson.internal.bind.TypeAdapters$14	/home/nima/Developer/nullness-benchmarks/gson/gson/src/main/java/com/google/gson/internal/bind/TypeAdapters.java
com.google.gson.internal.bind.TypeAdapters$15	/home/nima/Developer/nullness-benchmarks/gson/gson/src/main/java/com/google/gson/internal/bind/TypeAdapters.java
com.google.gson.internal.bind.TypeAdapters$16	/home/nima/Developer/nullness-benchmarks/gson/gson/src/main/java/com/google/gson/internal/bind/TypeAdapters.java
com.google.gson.internal.bind.TypeAdapters$17	/home/nima/Developer/nullness-benchmarks/gson/gson/src/main/java/com/google/gson/internal/bind/TypeAdapters.java
com.google.gson.internal.bind.TypeAdapters$18	/home/nima/Developer/nullness-benchmarks/gson/gson/src/main/java/com/google/gson/internal/bind/TypeAdapters.java
com.google.gson.internal.bind.TypeAdapters$19	/home/nima/Developer/nullness-benchmarks/gson/gson/src/main/java/com/google/gson/internal/bind/TypeAdapters.java
com.google.gson.internal.bind.TypeAdapters$20	/home/nima/Developer/nullness-benchmarks/gson/gson/src/main/java/com/google/gson/internal/bind/TypeAdapters.java
com.google.gson.internal.bind.TypeAdapters$21	/home/nima/Developer/nullness-benchmarks/gson/gson/src/main/java/com/google/gson/internal/bind/TypeAdapters.java
com.google.gson.internal.bind.TypeAdapters$22	/home/nima/Developer/nullness-benchmarks/gson/gson/src/main/java/com/google/gson/internal/bind/TypeAdapters.java
com.google.gson.internal.bind.TypeAdapters$23	/home/nima/Developer/nullness-benchmarks/gson/gson/src/main/java/com/google/gson/internal/bind/TypeAdapters.java
com.google.gson.internal.bind.TypeAdapters$24	/home/nima/Developer/nullness-benchmarks/gson/gson/src/main/java/com/google/gson/internal/bind/TypeAdapters.java
com.google.gson.internal.bind.TypeAdapters$25	/home/nima/Developer/nullness-benchmarks/gson/gson/src/main/java/com/google/gson/internal/bind/TypeAdapters.java
com.google.gson.internal.bind.TypeAdapters$26	/home/nima/Developer/nullness-benchmarks/gson/gson/src/main/java/com/google/gson/internal/bind/TypeAdapters.java
com.google.gson.internal.bind.TypeAdapters$26$1	/home/nima/Developer/nullness-benchmarks/gson/gson/src/main/java/com/google/gson/internal/bind/TypeAdapters.java
com.google.gson.internal.bind.TypeAdapters$27	/home/nima/Developer/nullness-benchmarks/gson/gson/src/main/java/com/google/gson/internal/bind/TypeAdapters.java
com.google.gson.internal.bind.TypeAdapters$28	/home/nima/Developer/nullness-benchmarks/gson/gson/src/main/java/com/google/gson/internal/bind/TypeAdapters.java
com.google.gson.internal.bind.TypeAdapters$29	/home/nima/Developer/nullness-benchmarks/gson/gson/src/main/java/com/google/gson/internal/bind/TypeAdapters.java
com.google.gson.internal.bind.TypeAdapters$EnumTypeAdapter	/home/nima/Developer/nullness-benchmarks/gson/gson/src/main/java/com/google/gson/internal/bind/TypeAdapters.java
com.google.gson.internal.bind.TypeAdapters$30	/home/nima/Developer/nullness-benchmarks/gson/gson/src/main/java/com/google/gson/internal/bind/TypeAdapters.java
com.google.gson.internal.bind.TypeAdapters$31	/home/nima/Developer/nullness-benchmarks/gson/gson/src/main/java/com/google/gson/internal/bind/TypeAdapters.java
com.google.gson.internal.bind.TypeAdapters$32	/home/nima/Developer/nullness-benchmarks/gson/gson/src/main/java/com/google/gson/internal/bind/TypeAdapters.java
com.google.gson.internal.bind.TypeAdapters$33	/home/nima/Developer/nullness-benchmarks/gson/gson/src/main/java/com/google/gson/internal/bind/TypeAdapters.java
com.google.gson.internal.bind.TypeAdapters$34	/home/nima/Developer/nullness-benchmarks/gson/gson/src/main/java/com/google/gson/internal/bind/TypeAdapters.java
com.google.gson.internal.bind.TypeAdapters$35	/home/nima/Developer/nullness-benchmarks/gson/gson/src/main/java/com/google/gson/internal/bind/TypeAdapters.java
com.google.gson.internal.bind.TypeAdapters$35$1	/home/nima/Developer/nullness-benchmarks/gson/gson/src/main/java/com/google/gson/internal/bind/TypeAdapters.java
com.google.gson.internal.bind.TreeTypeAdapter	/home/nima/Developer/nullness-benchmarks/gson/gson/src/main/java/com/google/gson/internal/bind/TreeTypeAdapter.java
com.google.gson.internal.bind.TreeTypeAdapter$SingleTypeFactory	/home/nima/Developer/nullness-benchmarks/gson/gson/src/main/java/com/google/gson/internal/bind/TreeTypeAdapter.java
com.google.gson.internal.bind.TreeTypeAdapter$GsonContextImpl	/home/nima/Developer/nullness-benchmarks/gson/gson/src/main/java/com/google/gson/internal/bind/TreeTypeAdapter.java
com.google.gson.JsonDeserializer	/home/nima/Developer/nullness-benchmarks/gson/gson/src/main/java/com/google/gson/JsonDeserializer.java
com.google.gson.internal.bind.ArrayTypeAdapter	/home/nima/Developer/nullness-benchmarks/gson/gson/src/main/java/com/google/gson/internal/bind/ArrayTypeAdapter.java
com.google.gson.internal.bind.ArrayTypeAdapter$1	/home/nima/Developer/nullness-benchmarks/gson/gson/src/main/java/com/google/gson/internal/bind/ArrayTypeAdapter.java
com.google.gson.internal.PreJava9DateFormatProvider	/home/nima/Developer/nullness-benchmarks/gson/gson/src/main/java/com/google/gson/internal/PreJava9DateFormatProvider.java
com.google.gson.stream.MalformedJsonException	/home/nima/Developer/nullness-benchmarks/gson/gson/src/main/java/com/google/gson/stream/MalformedJsonException.java
com.google.gson.JsonParser	/home/nima/Developer/nullness-benchmarks/gson/gson/src/main/java/com/google/gson/JsonParser.java
com.google.gson.Initializer	/home/nima/Developer/nullness-benchmarks/gson/gson/src/main/java/com/google/gson/Initializer.java
