CLASS	METHOD	PARAMETER	INDEX
com.google.gson.Gson	Gson(com.google.gson.internal.Excluder,com.google.gson.FieldNamingStrategy,java.util.Map,boolean,boolean,boolean,boolean,boolean,boolean,boolean,com.google.gson.LongSerializationPolicy,java.lang.String,int,int,java.util.List,java.util.List,java.util.List)	fieldNamingStrategy	1
com.google.gson.Gson	Gson(com.google.gson.internal.Excluder,com.google.gson.FieldNamingStrategy,java.util.Map,boolean,boolean,boolean,boolean,boolean,boolean,boolean,com.google.gson.LongSerializationPolicy,java.lang.String,int,int,java.util.List,java.util.List,java.util.List)	dateStyle	12
com.google.gson.Gson	Gson(com.google.gson.internal.Excluder,com.google.gson.FieldNamingStrategy,java.util.Map,boolean,boolean,boolean,boolean,boolean,boolean,boolean,com.google.gson.LongSerializationPolicy,java.lang.String,int,int,java.util.List,java.util.List,java.util.List)	excluder	0
com.google.gson.Gson	Gson(com.google.gson.internal.Excluder,com.google.gson.FieldNamingStrategy,java.util.Map,boolean,boolean,boolean,boolean,boolean,boolean,boolean,com.google.gson.LongSerializationPolicy,java.lang.String,int,int,java.util.List,java.util.List,java.util.List)	instanceCreators	2
com.google.gson.Gson	Gson(com.google.gson.internal.Excluder,com.google.gson.FieldNamingStrategy,java.util.Map,boolean,boolean,boolean,boolean,boolean,boolean,boolean,com.google.gson.LongSerializationPolicy,java.lang.String,int,int,java.util.List,java.util.List,java.util.List)	builderHierarchyFactories	15
com.google.gson.Gson	Gson(com.google.gson.internal.Excluder,com.google.gson.FieldNamingStrategy,java.util.Map,boolean,boolean,boolean,boolean,boolean,boolean,boolean,com.google.gson.LongSerializationPolicy,java.lang.String,int,int,java.util.List,java.util.List,java.util.List)	lenient	8
com.google.gson.Gson	Gson(com.google.gson.internal.Excluder,com.google.gson.FieldNamingStrategy,java.util.Map,boolean,boolean,boolean,boolean,boolean,boolean,boolean,com.google.gson.LongSerializationPolicy,java.lang.String,int,int,java.util.List,java.util.List,java.util.List)	timeStyle	13
com.google.gson.Gson	Gson(com.google.gson.internal.Excluder,com.google.gson.FieldNamingStrategy,java.util.Map,boolean,boolean,boolean,boolean,boolean,boolean,boolean,com.google.gson.LongSerializationPolicy,java.lang.String,int,int,java.util.List,java.util.List,java.util.List)	serializeSpecialFloatingPointValues	9
com.google.gson.Gson	Gson(com.google.gson.internal.Excluder,com.google.gson.FieldNamingStrategy,java.util.Map,boolean,boolean,boolean,boolean,boolean,boolean,boolean,com.google.gson.LongSerializationPolicy,java.lang.String,int,int,java.util.List,java.util.List,java.util.List)	longSerializationPolicy	10
com.google.gson.Gson	Gson(com.google.gson.internal.Excluder,com.google.gson.FieldNamingStrategy,java.util.Map,boolean,boolean,boolean,boolean,boolean,boolean,boolean,com.google.gson.LongSerializationPolicy,java.lang.String,int,int,java.util.List,java.util.List,java.util.List)	prettyPrinting	7
com.google.gson.Gson	Gson(com.google.gson.internal.Excluder,com.google.gson.FieldNamingStrategy,java.util.Map,boolean,boolean,boolean,boolean,boolean,boolean,boolean,com.google.gson.LongSerializationPolicy,java.lang.String,int,int,java.util.List,java.util.List,java.util.List)	datePattern	11
com.google.gson.Gson	Gson(com.google.gson.internal.Excluder,com.google.gson.FieldNamingStrategy,java.util.Map,boolean,boolean,boolean,boolean,boolean,boolean,boolean,com.google.gson.LongSerializationPolicy,java.lang.String,int,int,java.util.List,java.util.List,java.util.List)	complexMapKeySerialization	4
com.google.gson.Gson	Gson(com.google.gson.internal.Excluder,com.google.gson.FieldNamingStrategy,java.util.Map,boolean,boolean,boolean,boolean,boolean,boolean,boolean,com.google.gson.LongSerializationPolicy,java.lang.String,int,int,java.util.List,java.util.List,java.util.List)	serializeNulls	3
com.google.gson.Gson	Gson(com.google.gson.internal.Excluder,com.google.gson.FieldNamingStrategy,java.util.Map,boolean,boolean,boolean,boolean,boolean,boolean,boolean,com.google.gson.LongSerializationPolicy,java.lang.String,int,int,java.util.List,java.util.List,java.util.List)	generateNonExecutableGson	5
com.google.gson.Gson	Gson(com.google.gson.internal.Excluder,com.google.gson.FieldNamingStrategy,java.util.Map,boolean,boolean,boolean,boolean,boolean,boolean,boolean,com.google.gson.LongSerializationPolicy,java.lang.String,int,int,java.util.List,java.util.List,java.util.List)	htmlSafe	6
com.google.gson.Gson	Gson(com.google.gson.internal.Excluder,com.google.gson.FieldNamingStrategy,java.util.Map,boolean,boolean,boolean,boolean,boolean,boolean,boolean,com.google.gson.LongSerializationPolicy,java.lang.String,int,int,java.util.List,java.util.List,java.util.List)	builderFactories	14
com.google.gson.Gson	doubleAdapter(boolean)	serializeSpecialFloatingPointValues	0
com.google.gson.Gson$1	read(com.google.gson.stream.JsonReader)	in	0
com.google.gson.Gson$1	write(com.google.gson.stream.JsonWriter,java.lang.Number)	value	1
com.google.gson.Gson$1	write(com.google.gson.stream.JsonWriter,java.lang.Number)	out	0
com.google.gson.Gson	floatAdapter(boolean)	serializeSpecialFloatingPointValues	0
com.google.gson.Gson$2	read(com.google.gson.stream.JsonReader)	in	0
com.google.gson.Gson$2	write(com.google.gson.stream.JsonWriter,java.lang.Number)	value	1
com.google.gson.Gson$2	write(com.google.gson.stream.JsonWriter,java.lang.Number)	out	0
com.google.gson.Gson	checkValidFloatingPoint(double)	value	0
com.google.gson.Gson	longAdapter(com.google.gson.LongSerializationPolicy)	longSerializationPolicy	0
com.google.gson.Gson$3	read(com.google.gson.stream.JsonReader)	in	0
com.google.gson.Gson$3	write(com.google.gson.stream.JsonWriter,java.lang.Number)	out	0
com.google.gson.Gson$3	write(com.google.gson.stream.JsonWriter,java.lang.Number)	value	1
com.google.gson.Gson	atomicLongAdapter(com.google.gson.TypeAdapter)	longAdapter	0
com.google.gson.Gson	atomicLongArrayAdapter(com.google.gson.TypeAdapter)	longAdapter	0
com.google.gson.Gson$5	write(com.google.gson.stream.JsonWriter,java.util.concurrent.atomic.AtomicLongArray)	value	1
com.google.gson.Gson$5	write(com.google.gson.stream.JsonWriter,java.util.concurrent.atomic.AtomicLongArray)	out	0
com.google.gson.Gson$5	read(com.google.gson.stream.JsonReader)	in	0
com.google.gson.Gson	getAdapter(com.google.gson.reflect.TypeToken)	type	0
com.google.gson.Gson	getDelegateAdapter(com.google.gson.TypeAdapterFactory,com.google.gson.reflect.TypeToken)	skipPast	0
com.google.gson.Gson	getDelegateAdapter(com.google.gson.TypeAdapterFactory,com.google.gson.reflect.TypeToken)	type	1
com.google.gson.Gson	toJsonTree(java.lang.Object)	src	0
com.google.gson.Gson	toJson(java.lang.Object)	src	0
com.google.gson.Gson	toJson(java.lang.Object,java.lang.Appendable)	src	0
com.google.gson.Gson	toJson(java.lang.Object,java.lang.reflect.Type,com.google.gson.stream.JsonWriter)	writer	2
com.google.gson.Gson	newJsonWriter(java.io.Writer)	writer	0
com.google.gson.Gson	newJsonReader(java.io.Reader)	reader	0
com.google.gson.Gson	toJson(com.google.gson.JsonElement,com.google.gson.stream.JsonWriter)	writer	1
com.google.gson.Gson	fromJson(java.lang.String,java.lang.reflect.Type)	json	0
com.google.gson.Gson	assertFullConsumption(java.lang.Object,com.google.gson.stream.JsonReader)	obj	0
com.google.gson.Gson	assertFullConsumption(java.lang.Object,com.google.gson.stream.JsonReader)	reader	1
com.google.gson.Gson	fromJson(com.google.gson.stream.JsonReader,java.lang.reflect.Type)	reader	0
com.google.gson.Gson	fromJson(com.google.gson.JsonElement,java.lang.reflect.Type)	json	0
com.google.gson.Gson$FutureTypeAdapter	setDelegate(com.google.gson.TypeAdapter)	typeAdapter	0
com.google.gson.GsonBuilder	GsonBuilder(com.google.gson.Gson)	gson	0
com.google.gson.GsonBuilder	setLongSerializationPolicy(com.google.gson.LongSerializationPolicy)	serializationPolicy	0
com.google.gson.GsonBuilder	setFieldNamingPolicy(com.google.gson.FieldNamingPolicy)	namingConvention	0
com.google.gson.GsonBuilder	setFieldNamingStrategy(com.google.gson.FieldNamingStrategy)	fieldNamingStrategy	0
com.google.gson.GsonBuilder	setExclusionStrategies(com.google.gson.ExclusionStrategy[])	strategies	0
com.google.gson.GsonBuilder	setDateFormat(java.lang.String)	pattern	0
com.google.gson.GsonBuilder	setDateFormat(int)	style	0
com.google.gson.GsonBuilder	setDateFormat(int,int)	dateStyle	0
com.google.gson.GsonBuilder	setDateFormat(int,int)	timeStyle	1
com.google.gson.GsonBuilder	registerTypeAdapter(java.lang.reflect.Type,java.lang.Object)	typeAdapter	1
com.google.gson.GsonBuilder	registerTypeHierarchyAdapter(java.lang.Class,java.lang.Object)	typeAdapter	1
com.google.gson.GsonBuilder	addTypeAdaptersForDate(java.lang.String,int,int,java.util.List)	timeStyle	2
com.google.gson.GsonBuilder	addTypeAdaptersForDate(java.lang.String,int,int,java.util.List)	datePattern	0
com.google.gson.GsonBuilder	addTypeAdaptersForDate(java.lang.String,int,int,java.util.List)	factories	3
com.google.gson.GsonBuilder	addTypeAdaptersForDate(java.lang.String,int,int,java.util.List)	dateStyle	1
com.google.gson.internal.Excluder	withVersion(double)	ignoreVersionsAfter	0
com.google.gson.internal.Excluder	withModifiers(int[])	modifiers	0
com.google.gson.internal.Excluder	withExclusionStrategy(com.google.gson.ExclusionStrategy,boolean,boolean)	serialization	1
com.google.gson.internal.Excluder	withExclusionStrategy(com.google.gson.ExclusionStrategy,boolean,boolean)	deserialization	2
com.google.gson.internal.Excluder	create(com.google.gson.Gson,com.google.gson.reflect.TypeToken)	type	1
com.google.gson.internal.Excluder	create(com.google.gson.Gson,com.google.gson.reflect.TypeToken)	gson	0
com.google.gson.internal.Excluder$1	read(com.google.gson.stream.JsonReader)	in	0
com.google.gson.internal.Excluder$1	write(com.google.gson.stream.JsonWriter,T)	out	0
com.google.gson.internal.Excluder	excludeField(java.lang.reflect.Field,boolean)	field	0
com.google.gson.internal.Excluder	excludeField(java.lang.reflect.Field,boolean)	serialize	1
com.google.gson.internal.Excluder	excludeClassInStrategy(java.lang.Class,boolean)	serialize	1
com.google.gson.internal.Excluder	isAnonymousOrLocal(java.lang.Class)	clazz	0
com.google.gson.internal.Excluder	isInnerClass(java.lang.Class)	clazz	0
com.google.gson.internal.Excluder	isStatic(java.lang.Class)	clazz	0
com.google.gson.internal.Excluder	isValidSince(com.google.gson.annotations.Since)	annotation	0
com.google.gson.internal.Excluder	isValidUntil(com.google.gson.annotations.Until)	annotation	0
com.google.gson.LongSerializationPolicy$1	serialize(java.lang.Long)	value	0
com.google.gson.FieldNamingPolicy$1	translateName(java.lang.reflect.Field)	f	0
com.google.gson.FieldNamingPolicy	separateCamelCase(java.lang.String,java.lang.String)	name	0
com.google.gson.FieldNamingPolicy	upperCaseFirstLetter(java.lang.String)	name	0
com.google.gson.FieldAttributes	FieldAttributes(java.lang.reflect.Field)	f	0
com.google.gson.FieldAttributes	hasModifier(int)	modifier	0
com.google.gson.JsonObject	equals(java.lang.Object)	o	0
com.google.gson.JsonArray	JsonArray(int)	capacity	0
com.google.gson.JsonArray	add(com.google.gson.JsonElement)	element	0
com.google.gson.JsonArray	equals(java.lang.Object)	o	0
com.google.gson.JsonPrimitive	equals(java.lang.Object)	obj	0
com.google.gson.JsonPrimitive	isIntegral(com.google.gson.JsonPrimitive)	primitive	0
com.google.gson.JsonNull	equals(java.lang.Object)	other	0
com.google.gson.internal.LinkedTreeMap$1	compare(java.lang.Comparable,java.lang.Comparable)	a	0
com.google.gson.internal.LinkedTreeMap	LinkedTreeMap(java.util.Comparator)	comparator	0
com.google.gson.internal.LinkedTreeMap	put(K,V)	key	0
com.google.gson.internal.LinkedTreeMap	put(K,V)	value	1
com.google.gson.internal.LinkedTreeMap	find(K,boolean)	key	0
com.google.gson.internal.LinkedTreeMap	find(K,boolean)	create	1
com.google.gson.internal.LinkedTreeMap	findByObject(java.lang.Object)	key	0
com.google.gson.internal.LinkedTreeMap	equal(java.lang.Object,java.lang.Object)	b	1
com.google.gson.internal.LinkedTreeMap	equal(java.lang.Object,java.lang.Object)	a	0
com.google.gson.internal.LinkedTreeMap	removeInternal(com.google.gson.internal.LinkedTreeMap.Node,boolean)	node	0
com.google.gson.internal.LinkedTreeMap	removeInternal(com.google.gson.internal.LinkedTreeMap.Node,boolean)	unlink	1
com.google.gson.internal.LinkedTreeMap	replaceInParent(com.google.gson.internal.LinkedTreeMap.Node,com.google.gson.internal.LinkedTreeMap.Node)	node	0
com.google.gson.internal.LinkedTreeMap	replaceInParent(com.google.gson.internal.LinkedTreeMap.Node,com.google.gson.internal.LinkedTreeMap.Node)	replacement	1
com.google.gson.internal.LinkedTreeMap	rebalance(com.google.gson.internal.LinkedTreeMap.Node,boolean)	unbalanced	0
com.google.gson.internal.LinkedTreeMap	rebalance(com.google.gson.internal.LinkedTreeMap.Node,boolean)	insert	1
com.google.gson.internal.LinkedTreeMap	rotateLeft(com.google.gson.internal.LinkedTreeMap.Node)	root	0
com.google.gson.internal.LinkedTreeMap	rotateRight(com.google.gson.internal.LinkedTreeMap.Node)	root	0
com.google.gson.internal.LinkedTreeMap$Node	Node(com.google.gson.internal.LinkedTreeMap.Node,K,com.google.gson.internal.LinkedTreeMap.Node,com.google.gson.internal.LinkedTreeMap.Node)	key	1
com.google.gson.internal.LinkedTreeMap$Node	Node(com.google.gson.internal.LinkedTreeMap.Node,K,com.google.gson.internal.LinkedTreeMap.Node,com.google.gson.internal.LinkedTreeMap.Node)	next	2
com.google.gson.internal.LinkedTreeMap$Node	Node(com.google.gson.internal.LinkedTreeMap.Node,K,com.google.gson.internal.LinkedTreeMap.Node,com.google.gson.internal.LinkedTreeMap.Node)	parent	0
com.google.gson.internal.LinkedTreeMap$Node	Node(com.google.gson.internal.LinkedTreeMap.Node,K,com.google.gson.internal.LinkedTreeMap.Node,com.google.gson.internal.LinkedTreeMap.Node)	prev	3
com.google.gson.internal.LinkedTreeMap$Node	setValue(V)	value	0
com.google.gson.internal.LinkedTreeMap$Node	equals(java.lang.Object)	o	0
com.google.gson.internal.LinkedTreeMap$EntrySet	contains(java.lang.Object)	o	0
com.google.gson.internal.LinkedTreeMap$EntrySet	remove(java.lang.Object)	o	0
com.google.gson.reflect.TypeToken	getSuperclassTypeParameter(java.lang.Class)	subclass	0
com.google.gson.reflect.TypeToken	isAssignableFrom(java.lang.reflect.Type)	from	0
com.google.gson.reflect.TypeToken	isAssignableFrom(java.lang.reflect.Type,java.lang.reflect.GenericArrayType)	from	0
com.google.gson.reflect.TypeToken	isAssignableFrom(java.lang.reflect.Type,java.lang.reflect.GenericArrayType)	to	1
com.google.gson.reflect.TypeToken	isAssignableFrom(java.lang.reflect.Type,java.lang.reflect.ParameterizedType,java.util.Map)	from	0
com.google.gson.reflect.TypeToken	isAssignableFrom(java.lang.reflect.Type,java.lang.reflect.ParameterizedType,java.util.Map)	to	1
com.google.gson.reflect.TypeToken	isAssignableFrom(java.lang.reflect.Type,java.lang.reflect.ParameterizedType,java.util.Map)	typeVarMap	2
com.google.gson.reflect.TypeToken	typeEquals(java.lang.reflect.ParameterizedType,java.lang.reflect.ParameterizedType,java.util.Map)	to	1
com.google.gson.reflect.TypeToken	typeEquals(java.lang.reflect.ParameterizedType,java.lang.reflect.ParameterizedType,java.util.Map)	from	0
com.google.gson.reflect.TypeToken	buildUnexpectedTypeError(java.lang.reflect.Type,java.lang.Class[])	expected	1
com.google.gson.reflect.TypeToken	matches(java.lang.reflect.Type,java.lang.reflect.Type,java.util.Map)	to	1
com.google.gson.reflect.TypeToken	matches(java.lang.reflect.Type,java.lang.reflect.Type,java.util.Map)	from	0
com.google.gson.reflect.TypeToken	equals(java.lang.Object)	o	0
com.google.gson.reflect.TypeToken	get(java.lang.reflect.Type)	type	0
com.google.gson.reflect.TypeToken	get(java.lang.Class)	type	0
com.google.gson.TypeAdapter	toJson(java.io.Writer,T)	out	0
com.google.gson.TypeAdapter$1	write(com.google.gson.stream.JsonWriter,T)	out	0
com.google.gson.TypeAdapter$1	write(com.google.gson.stream.JsonWriter,T)	value	1
com.google.gson.TypeAdapter$1	read(com.google.gson.stream.JsonReader)	reader	0
com.google.gson.TypeAdapter	fromJson(java.io.Reader)	in	0
com.google.gson.TypeAdapter	fromJsonTree(com.google.gson.JsonElement)	jsonTree	0
com.google.gson.stream.JsonWriter	JsonWriter(java.io.Writer)	out	0
com.google.gson.stream.JsonWriter	setIndent(java.lang.String)	indent	0
com.google.gson.stream.JsonWriter	setLenient(boolean)	lenient	0
com.google.gson.stream.JsonWriter	setHtmlSafe(boolean)	htmlSafe	0
com.google.gson.stream.JsonWriter	setSerializeNulls(boolean)	serializeNulls	0
com.google.gson.stream.JsonWriter	close(int,int,char)	nonempty	1
com.google.gson.stream.JsonWriter	close(int,int,char)	empty	0
com.google.gson.stream.JsonWriter	push(int)	newTop	0
com.google.gson.stream.JsonWriter	replaceTop(int)	topOfStack	0
com.google.gson.stream.JsonWriter	name(java.lang.String)	name	0
com.google.gson.stream.JsonWriter	value(java.lang.String)	value	0
com.google.gson.stream.JsonWriter	jsonValue(java.lang.String)	value	0
com.google.gson.stream.JsonWriter	value(java.lang.Boolean)	value	0
com.google.gson.stream.JsonWriter	value(double)	value	0
com.google.gson.stream.JsonWriter	value(java.lang.Number)	value	0
com.google.gson.stream.JsonWriter	string(java.lang.String)	value	0
com.google.gson.stream.JsonReader	JsonReader(java.io.Reader)	in	0
com.google.gson.stream.JsonReader	setLenient(boolean)	lenient	0
com.google.gson.stream.JsonReader	isLiteral(char)	c	0
com.google.gson.stream.JsonReader	nextQuotedValue(char)	quote	0
com.google.gson.stream.JsonReader	skipQuotedValue(char)	quote	0
com.google.gson.stream.JsonReader	push(int)	newTop	0
com.google.gson.stream.JsonReader	fillBuffer(int)	minimum	0
com.google.gson.stream.JsonReader	nextNonWhitespace(boolean)	throwOnEof	0
com.google.gson.stream.JsonReader	skipTo(java.lang.String)	toFind	0
com.google.gson.stream.JsonReader	syntaxError(java.lang.String)	message	0
com.google.gson.stream.JsonReader$1	promoteNameToValue(com.google.gson.stream.JsonReader)	reader	0
com.google.gson.internal.ConstructorConstructor	ConstructorConstructor(java.util.Map)	instanceCreators	0
com.google.gson.internal.ConstructorConstructor	get(com.google.gson.reflect.TypeToken)	typeToken	0
com.google.gson.internal.ConstructorConstructor	newDefaultConstructor(java.lang.Class)	rawType	0
com.google.gson.internal.ConstructorConstructor	newDefaultImplementationConstructor(java.lang.reflect.Type,java.lang.Class)	type	0
com.google.gson.internal.ConstructorConstructor	newUnsafeAllocator(java.lang.reflect.Type,java.lang.Class)	type	0
com.google.gson.internal.bind.JsonAdapterAnnotationTypeAdapterFactory	JsonAdapterAnnotationTypeAdapterFactory(com.google.gson.internal.ConstructorConstructor)	constructorConstructor	0
com.google.gson.internal.bind.JsonAdapterAnnotationTypeAdapterFactory	create(com.google.gson.Gson,com.google.gson.reflect.TypeToken)	targetType	1
com.google.gson.internal.bind.JsonAdapterAnnotationTypeAdapterFactory	getTypeAdapter(com.google.gson.internal.ConstructorConstructor,com.google.gson.Gson,com.google.gson.reflect.TypeToken,com.google.gson.annotations.JsonAdapter)	annotation	3
com.google.gson.internal.bind.JsonAdapterAnnotationTypeAdapterFactory	getTypeAdapter(com.google.gson.internal.ConstructorConstructor,com.google.gson.Gson,com.google.gson.reflect.TypeToken,com.google.gson.annotations.JsonAdapter)	gson	1
com.google.gson.internal.bind.JsonAdapterAnnotationTypeAdapterFactory	getTypeAdapter(com.google.gson.internal.ConstructorConstructor,com.google.gson.Gson,com.google.gson.reflect.TypeToken,com.google.gson.annotations.JsonAdapter)	type	2
com.google.gson.internal.bind.JsonAdapterAnnotationTypeAdapterFactory	getTypeAdapter(com.google.gson.internal.ConstructorConstructor,com.google.gson.Gson,com.google.gson.reflect.TypeToken,com.google.gson.annotations.JsonAdapter)	constructorConstructor	0
com.google.gson.DefaultDateTypeAdapter	verifyDateType(java.lang.Class)	dateType	0
com.google.gson.DefaultDateTypeAdapter	write(com.google.gson.stream.JsonWriter,java.util.Date)	value	1
com.google.gson.DefaultDateTypeAdapter	write(com.google.gson.stream.JsonWriter,java.util.Date)	out	0
com.google.gson.DefaultDateTypeAdapter	read(com.google.gson.stream.JsonReader)	in	0
com.google.gson.DefaultDateTypeAdapter	deserializeToDate(java.lang.String)	s	0
com.google.gson.JsonStreamParser	JsonStreamParser(java.io.Reader)	reader	0
com.google.gson.internal.LinkedHashTreeMap$1	compare(java.lang.Comparable,java.lang.Comparable)	a	0
com.google.gson.internal.LinkedHashTreeMap	LinkedHashTreeMap(java.util.Comparator)	comparator	0
com.google.gson.internal.LinkedHashTreeMap	put(K,V)	key	0
com.google.gson.internal.LinkedHashTreeMap	put(K,V)	value	1
com.google.gson.internal.LinkedHashTreeMap	find(K,boolean)	create	1
com.google.gson.internal.LinkedHashTreeMap	find(K,boolean)	key	0
com.google.gson.internal.LinkedHashTreeMap	findByObject(java.lang.Object)	key	0
com.google.gson.internal.LinkedHashTreeMap	equal(java.lang.Object,java.lang.Object)	a	0
com.google.gson.internal.LinkedHashTreeMap	equal(java.lang.Object,java.lang.Object)	b	1
com.google.gson.internal.LinkedHashTreeMap	secondaryHash(int)	h	0
com.google.gson.internal.LinkedHashTreeMap	removeInternal(com.google.gson.internal.LinkedHashTreeMap.Node,boolean)	unlink	1
com.google.gson.internal.LinkedHashTreeMap	removeInternal(com.google.gson.internal.LinkedHashTreeMap.Node,boolean)	node	0
com.google.gson.internal.LinkedHashTreeMap	replaceInParent(com.google.gson.internal.LinkedHashTreeMap.Node,com.google.gson.internal.LinkedHashTreeMap.Node)	replacement	1
com.google.gson.internal.LinkedHashTreeMap	replaceInParent(com.google.gson.internal.LinkedHashTreeMap.Node,com.google.gson.internal.LinkedHashTreeMap.Node)	node	0
com.google.gson.internal.LinkedHashTreeMap	rebalance(com.google.gson.internal.LinkedHashTreeMap.Node,boolean)	insert	1
com.google.gson.internal.LinkedHashTreeMap	rebalance(com.google.gson.internal.LinkedHashTreeMap.Node,boolean)	unbalanced	0
com.google.gson.internal.LinkedHashTreeMap	rotateLeft(com.google.gson.internal.LinkedHashTreeMap.Node)	root	0
com.google.gson.internal.LinkedHashTreeMap	rotateRight(com.google.gson.internal.LinkedHashTreeMap.Node)	root	0
com.google.gson.internal.LinkedHashTreeMap$Node	Node(com.google.gson.internal.LinkedHashTreeMap.Node,K,int,com.google.gson.internal.LinkedHashTreeMap.Node,com.google.gson.internal.LinkedHashTreeMap.Node)	hash	2
com.google.gson.internal.LinkedHashTreeMap$Node	Node(com.google.gson.internal.LinkedHashTreeMap.Node,K,int,com.google.gson.internal.LinkedHashTreeMap.Node,com.google.gson.internal.LinkedHashTreeMap.Node)	parent	0
com.google.gson.internal.LinkedHashTreeMap$Node	Node(com.google.gson.internal.LinkedHashTreeMap.Node,K,int,com.google.gson.internal.LinkedHashTreeMap.Node,com.google.gson.internal.LinkedHashTreeMap.Node)	next	3
com.google.gson.internal.LinkedHashTreeMap$Node	Node(com.google.gson.internal.LinkedHashTreeMap.Node,K,int,com.google.gson.internal.LinkedHashTreeMap.Node,com.google.gson.internal.LinkedHashTreeMap.Node)	prev	4
com.google.gson.internal.LinkedHashTreeMap$Node	Node(com.google.gson.internal.LinkedHashTreeMap.Node,K,int,com.google.gson.internal.LinkedHashTreeMap.Node,com.google.gson.internal.LinkedHashTreeMap.Node)	key	1
com.google.gson.internal.LinkedHashTreeMap$Node	setValue(V)	value	0
com.google.gson.internal.LinkedHashTreeMap$Node	equals(java.lang.Object)	o	0
com.google.gson.internal.LinkedHashTreeMap	doubleCapacity(com.google.gson.internal.LinkedHashTreeMap.Node[])	oldTable	0
com.google.gson.internal.LinkedHashTreeMap$AvlIterator	reset(com.google.gson.internal.LinkedHashTreeMap.Node)	root	0
com.google.gson.internal.LinkedHashTreeMap$AvlBuilder	reset(int)	targetSize	0
com.google.gson.internal.LinkedHashTreeMap$AvlBuilder	add(com.google.gson.internal.LinkedHashTreeMap.Node)	node	0
com.google.gson.internal.LinkedHashTreeMap$EntrySet	contains(java.lang.Object)	o	0
com.google.gson.internal.LinkedHashTreeMap$EntrySet	remove(java.lang.Object)	o	0
com.google.gson.internal.Streams	parse(com.google.gson.stream.JsonReader)	reader	0
com.google.gson.internal.Streams	writerForAppendable(java.lang.Appendable)	appendable	0
com.google.gson.internal.Streams$AppendableWriter	AppendableWriter(java.lang.Appendable)	appendable	0
com.google.gson.internal.Streams$AppendableWriter	write(char[],int,int)	chars	0
com.google.gson.internal.Streams$AppendableWriter$CurrentWrite	charAt(int)	i	0
com.google.gson.internal.Streams$AppendableWriter$CurrentWrite	subSequence(int,int)	end	1
com.google.gson.internal.Streams$AppendableWriter$CurrentWrite	subSequence(int,int)	start	0
com.google.gson.internal.LazilyParsedNumber	LazilyParsedNumber(java.lang.String)	value	0
com.google.gson.internal.LazilyParsedNumber	equals(java.lang.Object)	obj	0
com.google.gson.internal.Primitives	isPrimitive(java.lang.reflect.Type)	type	0
com.google.gson.internal.Primitives	isWrapperType(java.lang.reflect.Type)	type	0
com.google.gson.internal.Primitives	wrap(java.lang.Class)	type	0
com.google.gson.internal.Primitives	unwrap(java.lang.Class)	type	0
com.google.gson.internal.JavaVersion	parseDotted(java.lang.String)	javaVersion	0
com.google.gson.internal.JavaVersion	extractBeginningInt(java.lang.String)	javaVersion	0
com.google.gson.internal.$Gson$Preconditions	checkNotNull(T)	obj	0
com.google.gson.internal.$Gson$Preconditions	checkArgument(boolean)	condition	0
com.google.gson.internal.reflect.UnsafeReflectionAccessor	makeAccessible(java.lang.reflect.AccessibleObject)	ao	0
com.google.gson.internal.reflect.PreJava9ReflectionAccessor	makeAccessible(java.lang.reflect.AccessibleObject)	ao	0
com.google.gson.internal.UnsafeAllocator$4	newInstance(java.lang.Class)	c	0
com.google.gson.internal.UnsafeAllocator	assertInstantiable(java.lang.Class)	c	0
com.google.gson.internal.$Gson$Types	newParameterizedTypeWithOwner(java.lang.reflect.Type,java.lang.reflect.Type,java.lang.reflect.Type[])	rawType	1
com.google.gson.internal.$Gson$Types	newParameterizedTypeWithOwner(java.lang.reflect.Type,java.lang.reflect.Type,java.lang.reflect.Type[])	ownerType	0
com.google.gson.internal.$Gson$Types	newParameterizedTypeWithOwner(java.lang.reflect.Type,java.lang.reflect.Type,java.lang.reflect.Type[])	typeArguments	2
com.google.gson.internal.$Gson$Types	arrayOf(java.lang.reflect.Type)	componentType	0
com.google.gson.internal.$Gson$Types	subtypeOf(java.lang.reflect.Type)	bound	0
com.google.gson.internal.$Gson$Types	supertypeOf(java.lang.reflect.Type)	bound	0
com.google.gson.internal.$Gson$Types	canonicalize(java.lang.reflect.Type)	type	0
com.google.gson.internal.$Gson$Types	getRawType(java.lang.reflect.Type)	type	0
com.google.gson.internal.$Gson$Types	equal(java.lang.Object,java.lang.Object)	a	0
com.google.gson.internal.$Gson$Types	equal(java.lang.Object,java.lang.Object)	b	1
com.google.gson.internal.$Gson$Types	equals(java.lang.reflect.Type,java.lang.reflect.Type)	a	0
com.google.gson.internal.$Gson$Types	equals(java.lang.reflect.Type,java.lang.reflect.Type)	b	1
com.google.gson.internal.$Gson$Types	hashCodeOrZero(java.lang.Object)	o	0
com.google.gson.internal.$Gson$Types	typeToString(java.lang.reflect.Type)	type	0
com.google.gson.internal.$Gson$Types	getGenericSupertype(java.lang.reflect.Type,java.lang.Class,java.lang.Class)	rawType	1
com.google.gson.internal.$Gson$Types	getGenericSupertype(java.lang.reflect.Type,java.lang.Class,java.lang.Class)	toResolve	2
com.google.gson.internal.$Gson$Types	getGenericSupertype(java.lang.reflect.Type,java.lang.Class,java.lang.Class)	context	0
com.google.gson.internal.$Gson$Types	getSupertype(java.lang.reflect.Type,java.lang.Class,java.lang.Class)	context	0
com.google.gson.internal.$Gson$Types	getArrayComponentType(java.lang.reflect.Type)	array	0
com.google.gson.internal.$Gson$Types	getMapKeyAndValueTypes(java.lang.reflect.Type,java.lang.Class)	context	0
com.google.gson.internal.$Gson$Types	resolve(java.lang.reflect.Type,java.lang.Class,java.lang.reflect.Type,java.util.Collection)	visitedTypeVariables	3
com.google.gson.internal.$Gson$Types	resolve(java.lang.reflect.Type,java.lang.Class,java.lang.reflect.Type,java.util.Collection)	toResolve	2
com.google.gson.internal.$Gson$Types	resolveTypeVariable(java.lang.reflect.Type,java.lang.Class,java.lang.reflect.TypeVariable)	unknown	2
com.google.gson.internal.$Gson$Types	indexOf(java.lang.Object[],java.lang.Object)	toFind	1
com.google.gson.internal.$Gson$Types	indexOf(java.lang.Object[],java.lang.Object)	array	0
com.google.gson.internal.$Gson$Types	declaringClassOf(java.lang.reflect.TypeVariable)	typeVariable	0
com.google.gson.internal.$Gson$Types$ParameterizedTypeImpl	ParameterizedTypeImpl(java.lang.reflect.Type,java.lang.reflect.Type,java.lang.reflect.Type[])	rawType	1
com.google.gson.internal.$Gson$Types$ParameterizedTypeImpl	ParameterizedTypeImpl(java.lang.reflect.Type,java.lang.reflect.Type,java.lang.reflect.Type[])	ownerType	0
com.google.gson.internal.$Gson$Types$ParameterizedTypeImpl	ParameterizedTypeImpl(java.lang.reflect.Type,java.lang.reflect.Type,java.lang.reflect.Type[])	typeArguments	2
com.google.gson.internal.$Gson$Types$ParameterizedTypeImpl	equals(java.lang.Object)	other	0
com.google.gson.internal.$Gson$Types$GenericArrayTypeImpl	equals(java.lang.Object)	o	0
com.google.gson.internal.$Gson$Types$WildcardTypeImpl	WildcardTypeImpl(java.lang.reflect.Type[],java.lang.reflect.Type[])	lowerBounds	1
com.google.gson.internal.$Gson$Types$WildcardTypeImpl	equals(java.lang.Object)	other	0
com.google.gson.internal.bind.JsonTreeWriter	put(com.google.gson.JsonElement)	value	0
com.google.gson.internal.bind.JsonTreeWriter	name(java.lang.String)	name	0
com.google.gson.internal.bind.JsonTreeWriter	value(java.lang.String)	value	0
com.google.gson.internal.bind.JsonTreeWriter	value(java.lang.Boolean)	value	0
com.google.gson.internal.bind.JsonTreeWriter	value(double)	value	0
com.google.gson.internal.bind.JsonTreeWriter	value(java.lang.Number)	value	0
com.google.gson.internal.bind.DateTypeAdapter$1	create(com.google.gson.Gson,com.google.gson.reflect.TypeToken)	typeToken	1
com.google.gson.internal.bind.DateTypeAdapter	read(com.google.gson.stream.JsonReader)	in	0
com.google.gson.internal.bind.DateTypeAdapter	deserializeToDate(java.lang.String)	json	0
com.google.gson.internal.bind.DateTypeAdapter	write(com.google.gson.stream.JsonWriter,java.util.Date)	out	0
com.google.gson.internal.bind.DateTypeAdapter	write(com.google.gson.stream.JsonWriter,java.util.Date)	value	1
com.google.gson.internal.bind.TimeTypeAdapter$1	create(com.google.gson.Gson,com.google.gson.reflect.TypeToken)	typeToken	1
com.google.gson.internal.bind.TimeTypeAdapter	read(com.google.gson.stream.JsonReader)	in	0
com.google.gson.internal.bind.TimeTypeAdapter	write(com.google.gson.stream.JsonWriter,java.sql.Time)	out	0
com.google.gson.internal.bind.util.ISO8601Utils	format(java.util.Date,boolean,java.util.TimeZone)	millis	1
com.google.gson.internal.bind.util.ISO8601Utils	format(java.util.Date,boolean,java.util.TimeZone)	tz	2
com.google.gson.internal.bind.util.ISO8601Utils	parse(java.lang.String,java.text.ParsePosition)	date	0
com.google.gson.internal.bind.util.ISO8601Utils	parse(java.lang.String,java.text.ParsePosition)	pos	1
com.google.gson.internal.bind.util.ISO8601Utils	checkOffset(java.lang.String,int,char)	expected	2
com.google.gson.internal.bind.util.ISO8601Utils	checkOffset(java.lang.String,int,char)	value	0
com.google.gson.internal.bind.util.ISO8601Utils	checkOffset(java.lang.String,int,char)	offset	1
com.google.gson.internal.bind.util.ISO8601Utils	parseInt(java.lang.String,int,int)	endIndex	2
com.google.gson.internal.bind.util.ISO8601Utils	parseInt(java.lang.String,int,int)	value	0
com.google.gson.internal.bind.util.ISO8601Utils	parseInt(java.lang.String,int,int)	beginIndex	1
com.google.gson.internal.bind.util.ISO8601Utils	padInt(java.lang.StringBuilder,int,int)	length	2
com.google.gson.internal.bind.util.ISO8601Utils	padInt(java.lang.StringBuilder,int,int)	buffer	0
com.google.gson.internal.bind.util.ISO8601Utils	indexOfNonDigit(java.lang.String,int)	string	0
com.google.gson.internal.bind.util.ISO8601Utils	indexOfNonDigit(java.lang.String,int)	offset	1
com.google.gson.internal.bind.ReflectiveTypeAdapterFactory	ReflectiveTypeAdapterFactory(com.google.gson.internal.ConstructorConstructor,com.google.gson.FieldNamingStrategy,com.google.gson.internal.Excluder,com.google.gson.internal.bind.JsonAdapterAnnotationTypeAdapterFactory)	fieldNamingPolicy	1
com.google.gson.internal.bind.ReflectiveTypeAdapterFactory	ReflectiveTypeAdapterFactory(com.google.gson.internal.ConstructorConstructor,com.google.gson.FieldNamingStrategy,com.google.gson.internal.Excluder,com.google.gson.internal.bind.JsonAdapterAnnotationTypeAdapterFactory)	excluder	2
com.google.gson.internal.bind.ReflectiveTypeAdapterFactory	ReflectiveTypeAdapterFactory(com.google.gson.internal.ConstructorConstructor,com.google.gson.FieldNamingStrategy,com.google.gson.internal.Excluder,com.google.gson.internal.bind.JsonAdapterAnnotationTypeAdapterFactory)	constructorConstructor	0
com.google.gson.internal.bind.ReflectiveTypeAdapterFactory	ReflectiveTypeAdapterFactory(com.google.gson.internal.ConstructorConstructor,com.google.gson.FieldNamingStrategy,com.google.gson.internal.Excluder,com.google.gson.internal.bind.JsonAdapterAnnotationTypeAdapterFactory)	jsonAdapterFactory	3
com.google.gson.internal.bind.ReflectiveTypeAdapterFactory	excludeField(java.lang.reflect.Field,boolean,com.google.gson.internal.Excluder)	excluder	2
com.google.gson.internal.bind.ReflectiveTypeAdapterFactory	getFieldNames(java.lang.reflect.Field)	f	0
com.google.gson.internal.bind.ReflectiveTypeAdapterFactory	create(com.google.gson.Gson,com.google.gson.reflect.TypeToken)	type	1
com.google.gson.internal.bind.ReflectiveTypeAdapterFactory	createBoundField(com.google.gson.Gson,java.lang.reflect.Field,java.lang.String,com.google.gson.reflect.TypeToken,boolean,boolean)	deserialize	5
com.google.gson.internal.bind.ReflectiveTypeAdapterFactory	createBoundField(com.google.gson.Gson,java.lang.reflect.Field,java.lang.String,com.google.gson.reflect.TypeToken,boolean,boolean)	fieldType	3
com.google.gson.internal.bind.ReflectiveTypeAdapterFactory	createBoundField(com.google.gson.Gson,java.lang.reflect.Field,java.lang.String,com.google.gson.reflect.TypeToken,boolean,boolean)	serialize	4
com.google.gson.internal.bind.ReflectiveTypeAdapterFactory	createBoundField(com.google.gson.Gson,java.lang.reflect.Field,java.lang.String,com.google.gson.reflect.TypeToken,boolean,boolean)	name	2
com.google.gson.internal.bind.ReflectiveTypeAdapterFactory	createBoundField(com.google.gson.Gson,java.lang.reflect.Field,java.lang.String,com.google.gson.reflect.TypeToken,boolean,boolean)	context	0
com.google.gson.internal.bind.ReflectiveTypeAdapterFactory	createBoundField(com.google.gson.Gson,java.lang.reflect.Field,java.lang.String,com.google.gson.reflect.TypeToken,boolean,boolean)	field	1
com.google.gson.internal.bind.ReflectiveTypeAdapterFactory$1	writeField(java.lang.Object)	value	0
com.google.gson.internal.bind.ReflectiveTypeAdapterFactory	getBoundFields(com.google.gson.Gson,com.google.gson.reflect.TypeToken,java.lang.Class)	type	1
com.google.gson.internal.bind.ReflectiveTypeAdapterFactory	getBoundFields(com.google.gson.Gson,com.google.gson.reflect.TypeToken,java.lang.Class)	raw	2
com.google.gson.internal.bind.ReflectiveTypeAdapterFactory$BoundField	BoundField(java.lang.String,boolean,boolean)	serialized	1
com.google.gson.internal.bind.ReflectiveTypeAdapterFactory$BoundField	BoundField(java.lang.String,boolean,boolean)	deserialized	2
com.google.gson.internal.bind.ReflectiveTypeAdapterFactory$BoundField	BoundField(java.lang.String,boolean,boolean)	name	0
com.google.gson.internal.bind.ReflectiveTypeAdapterFactory$Adapter	Adapter(com.google.gson.internal.ObjectConstructor,java.util.Map)	boundFields	1
com.google.gson.internal.bind.ReflectiveTypeAdapterFactory$Adapter	Adapter(com.google.gson.internal.ObjectConstructor,java.util.Map)	constructor	0
com.google.gson.internal.bind.ReflectiveTypeAdapterFactory$Adapter	read(com.google.gson.stream.JsonReader)	in	0
com.google.gson.internal.bind.ReflectiveTypeAdapterFactory$Adapter	write(com.google.gson.stream.JsonWriter,T)	out	0
com.google.gson.internal.bind.ReflectiveTypeAdapterFactory$Adapter	write(com.google.gson.stream.JsonWriter,T)	value	1
com.google.gson.internal.bind.ObjectTypeAdapter$1	create(com.google.gson.Gson,com.google.gson.reflect.TypeToken)	type	1
com.google.gson.internal.bind.ObjectTypeAdapter$1	create(com.google.gson.Gson,com.google.gson.reflect.TypeToken)	gson	0
com.google.gson.internal.bind.ObjectTypeAdapter	ObjectTypeAdapter(com.google.gson.Gson)	gson	0
com.google.gson.internal.bind.ObjectTypeAdapter	read(com.google.gson.stream.JsonReader)	in	0
com.google.gson.internal.bind.ObjectTypeAdapter	write(com.google.gson.stream.JsonWriter,java.lang.Object)	value	1
com.google.gson.internal.bind.ObjectTypeAdapter	write(com.google.gson.stream.JsonWriter,java.lang.Object)	out	0
com.google.gson.internal.bind.CollectionTypeAdapterFactory	CollectionTypeAdapterFactory(com.google.gson.internal.ConstructorConstructor)	constructorConstructor	0
com.google.gson.internal.bind.CollectionTypeAdapterFactory	create(com.google.gson.Gson,com.google.gson.reflect.TypeToken)	gson	0
com.google.gson.internal.bind.CollectionTypeAdapterFactory	create(com.google.gson.Gson,com.google.gson.reflect.TypeToken)	typeToken	1
com.google.gson.internal.bind.CollectionTypeAdapterFactory$Adapter	Adapter(com.google.gson.Gson,java.lang.reflect.Type,com.google.gson.TypeAdapter,com.google.gson.internal.ObjectConstructor)	elementType	1
com.google.gson.internal.bind.CollectionTypeAdapterFactory$Adapter	Adapter(com.google.gson.Gson,java.lang.reflect.Type,com.google.gson.TypeAdapter,com.google.gson.internal.ObjectConstructor)	elementTypeAdapter	2
com.google.gson.internal.bind.CollectionTypeAdapterFactory$Adapter	Adapter(com.google.gson.Gson,java.lang.reflect.Type,com.google.gson.TypeAdapter,com.google.gson.internal.ObjectConstructor)	context	0
com.google.gson.internal.bind.CollectionTypeAdapterFactory$Adapter	Adapter(com.google.gson.Gson,java.lang.reflect.Type,com.google.gson.TypeAdapter,com.google.gson.internal.ObjectConstructor)	constructor	3
com.google.gson.internal.bind.CollectionTypeAdapterFactory$Adapter	read(com.google.gson.stream.JsonReader)	in	0
com.google.gson.internal.bind.CollectionTypeAdapterFactory$Adapter	write(com.google.gson.stream.JsonWriter,java.util.Collection)	collection	1
com.google.gson.internal.bind.CollectionTypeAdapterFactory$Adapter	write(com.google.gson.stream.JsonWriter,java.util.Collection)	out	0
com.google.gson.internal.bind.JsonTreeReader	expect(com.google.gson.stream.JsonToken)	expected	0
com.google.gson.internal.bind.JsonTreeReader	push(java.lang.Object)	newTop	0
com.google.gson.internal.bind.TypeAdapterRuntimeTypeWrapper	TypeAdapterRuntimeTypeWrapper(com.google.gson.Gson,com.google.gson.TypeAdapter,java.lang.reflect.Type)	context	0
com.google.gson.internal.bind.TypeAdapterRuntimeTypeWrapper	TypeAdapterRuntimeTypeWrapper(com.google.gson.Gson,com.google.gson.TypeAdapter,java.lang.reflect.Type)	delegate	1
com.google.gson.internal.bind.TypeAdapterRuntimeTypeWrapper	TypeAdapterRuntimeTypeWrapper(com.google.gson.Gson,com.google.gson.TypeAdapter,java.lang.reflect.Type)	type	2
com.google.gson.internal.bind.TypeAdapterRuntimeTypeWrapper	getRuntimeTypeIfMoreSpecific(java.lang.reflect.Type,java.lang.Object)	value	1
com.google.gson.internal.bind.TypeAdapterRuntimeTypeWrapper	getRuntimeTypeIfMoreSpecific(java.lang.reflect.Type,java.lang.Object)	type	0
com.google.gson.internal.bind.MapTypeAdapterFactory	MapTypeAdapterFactory(com.google.gson.internal.ConstructorConstructor,boolean)	constructorConstructor	0
com.google.gson.internal.bind.MapTypeAdapterFactory	MapTypeAdapterFactory(com.google.gson.internal.ConstructorConstructor,boolean)	complexMapKeySerialization	1
com.google.gson.internal.bind.MapTypeAdapterFactory	create(com.google.gson.Gson,com.google.gson.reflect.TypeToken)	typeToken	1
com.google.gson.internal.bind.MapTypeAdapterFactory	create(com.google.gson.Gson,com.google.gson.reflect.TypeToken)	gson	0
com.google.gson.internal.bind.MapTypeAdapterFactory	getKeyAdapter(com.google.gson.Gson,java.lang.reflect.Type)	keyType	1
com.google.gson.internal.bind.MapTypeAdapterFactory	getKeyAdapter(com.google.gson.Gson,java.lang.reflect.Type)	context	0
com.google.gson.internal.bind.MapTypeAdapterFactory$Adapter	Adapter(com.google.gson.Gson,java.lang.reflect.Type,com.google.gson.TypeAdapter,java.lang.reflect.Type,com.google.gson.TypeAdapter,com.google.gson.internal.ObjectConstructor)	keyTypeAdapter	2
com.google.gson.internal.bind.MapTypeAdapterFactory$Adapter	Adapter(com.google.gson.Gson,java.lang.reflect.Type,com.google.gson.TypeAdapter,java.lang.reflect.Type,com.google.gson.TypeAdapter,com.google.gson.internal.ObjectConstructor)	valueType	3
com.google.gson.internal.bind.MapTypeAdapterFactory$Adapter	Adapter(com.google.gson.Gson,java.lang.reflect.Type,com.google.gson.TypeAdapter,java.lang.reflect.Type,com.google.gson.TypeAdapter,com.google.gson.internal.ObjectConstructor)	constructor	5
com.google.gson.internal.bind.MapTypeAdapterFactory$Adapter	Adapter(com.google.gson.Gson,java.lang.reflect.Type,com.google.gson.TypeAdapter,java.lang.reflect.Type,com.google.gson.TypeAdapter,com.google.gson.internal.ObjectConstructor)	context	0
com.google.gson.internal.bind.MapTypeAdapterFactory$Adapter	Adapter(com.google.gson.Gson,java.lang.reflect.Type,com.google.gson.TypeAdapter,java.lang.reflect.Type,com.google.gson.TypeAdapter,com.google.gson.internal.ObjectConstructor)	keyType	1
com.google.gson.internal.bind.MapTypeAdapterFactory$Adapter	Adapter(com.google.gson.Gson,java.lang.reflect.Type,com.google.gson.TypeAdapter,java.lang.reflect.Type,com.google.gson.TypeAdapter,com.google.gson.internal.ObjectConstructor)	valueTypeAdapter	4
com.google.gson.internal.bind.MapTypeAdapterFactory$Adapter	read(com.google.gson.stream.JsonReader)	in	0
com.google.gson.internal.bind.MapTypeAdapterFactory$Adapter	write(com.google.gson.stream.JsonWriter,java.util.Map)	out	0
com.google.gson.internal.bind.MapTypeAdapterFactory$Adapter	write(com.google.gson.stream.JsonWriter,java.util.Map)	map	1
com.google.gson.internal.bind.MapTypeAdapterFactory$Adapter	keyToString(com.google.gson.JsonElement)	keyElement	0
com.google.gson.internal.bind.SqlDateTypeAdapter$1	create(com.google.gson.Gson,com.google.gson.reflect.TypeToken)	typeToken	1
com.google.gson.internal.bind.SqlDateTypeAdapter	read(com.google.gson.stream.JsonReader)	in	0
com.google.gson.internal.bind.SqlDateTypeAdapter	write(com.google.gson.stream.JsonWriter,java.sql.Date)	out	0
com.google.gson.internal.bind.TypeAdapters$1	write(com.google.gson.stream.JsonWriter,java.lang.Class)	value	1
com.google.gson.internal.bind.TypeAdapters$2	read(com.google.gson.stream.JsonReader)	in	0
com.google.gson.internal.bind.TypeAdapters$2	write(com.google.gson.stream.JsonWriter,java.util.BitSet)	src	1
com.google.gson.internal.bind.TypeAdapters$2	write(com.google.gson.stream.JsonWriter,java.util.BitSet)	out	0
com.google.gson.internal.bind.TypeAdapters$3	read(com.google.gson.stream.JsonReader)	in	0
com.google.gson.internal.bind.TypeAdapters$3	write(com.google.gson.stream.JsonWriter,java.lang.Boolean)	out	0
com.google.gson.internal.bind.TypeAdapters$4	read(com.google.gson.stream.JsonReader)	in	0
com.google.gson.internal.bind.TypeAdapters$4	write(com.google.gson.stream.JsonWriter,java.lang.Boolean)	out	0
com.google.gson.internal.bind.TypeAdapters$5	read(com.google.gson.stream.JsonReader)	in	0
com.google.gson.internal.bind.TypeAdapters$5	write(com.google.gson.stream.JsonWriter,java.lang.Number)	out	0
com.google.gson.internal.bind.TypeAdapters$6	read(com.google.gson.stream.JsonReader)	in	0
com.google.gson.internal.bind.TypeAdapters$6	write(com.google.gson.stream.JsonWriter,java.lang.Number)	out	0
com.google.gson.internal.bind.TypeAdapters$7	read(com.google.gson.stream.JsonReader)	in	0
com.google.gson.internal.bind.TypeAdapters$7	write(com.google.gson.stream.JsonWriter,java.lang.Number)	out	0
com.google.gson.internal.bind.TypeAdapters$8	read(com.google.gson.stream.JsonReader)	in	0
com.google.gson.internal.bind.TypeAdapters$8	write(com.google.gson.stream.JsonWriter,java.util.concurrent.atomic.AtomicInteger)	out	0
com.google.gson.internal.bind.TypeAdapters$9	read(com.google.gson.stream.JsonReader)	in	0
com.google.gson.internal.bind.TypeAdapters$9	write(com.google.gson.stream.JsonWriter,java.util.concurrent.atomic.AtomicBoolean)	out	0
com.google.gson.internal.bind.TypeAdapters$10	read(com.google.gson.stream.JsonReader)	in	0
com.google.gson.internal.bind.TypeAdapters$10	write(com.google.gson.stream.JsonWriter,java.util.concurrent.atomic.AtomicIntegerArray)	value	1
com.google.gson.internal.bind.TypeAdapters$10	write(com.google.gson.stream.JsonWriter,java.util.concurrent.atomic.AtomicIntegerArray)	out	0
com.google.gson.internal.bind.TypeAdapters$11	read(com.google.gson.stream.JsonReader)	in	0
com.google.gson.internal.bind.TypeAdapters$11	write(com.google.gson.stream.JsonWriter,java.lang.Number)	out	0
com.google.gson.internal.bind.TypeAdapters$12	read(com.google.gson.stream.JsonReader)	in	0
com.google.gson.internal.bind.TypeAdapters$12	write(com.google.gson.stream.JsonWriter,java.lang.Number)	out	0
com.google.gson.internal.bind.TypeAdapters$13	read(com.google.gson.stream.JsonReader)	in	0
com.google.gson.internal.bind.TypeAdapters$13	write(com.google.gson.stream.JsonWriter,java.lang.Number)	out	0
com.google.gson.internal.bind.TypeAdapters$14	read(com.google.gson.stream.JsonReader)	in	0
com.google.gson.internal.bind.TypeAdapters$14	write(com.google.gson.stream.JsonWriter,java.lang.Number)	out	0
com.google.gson.internal.bind.TypeAdapters$15	read(com.google.gson.stream.JsonReader)	in	0
com.google.gson.internal.bind.TypeAdapters$15	write(com.google.gson.stream.JsonWriter,java.lang.Character)	out	0
com.google.gson.internal.bind.TypeAdapters$16	read(com.google.gson.stream.JsonReader)	in	0
com.google.gson.internal.bind.TypeAdapters$16	write(com.google.gson.stream.JsonWriter,java.lang.String)	out	0
com.google.gson.internal.bind.TypeAdapters$17	read(com.google.gson.stream.JsonReader)	in	0
com.google.gson.internal.bind.TypeAdapters$17	write(com.google.gson.stream.JsonWriter,java.math.BigDecimal)	out	0
com.google.gson.internal.bind.TypeAdapters$18	read(com.google.gson.stream.JsonReader)	in	0
com.google.gson.internal.bind.TypeAdapters$18	write(com.google.gson.stream.JsonWriter,java.math.BigInteger)	out	0
com.google.gson.internal.bind.TypeAdapters$19	read(com.google.gson.stream.JsonReader)	in	0
com.google.gson.internal.bind.TypeAdapters$19	write(com.google.gson.stream.JsonWriter,java.lang.StringBuilder)	out	0
com.google.gson.internal.bind.TypeAdapters$20	read(com.google.gson.stream.JsonReader)	in	0
com.google.gson.internal.bind.TypeAdapters$20	write(com.google.gson.stream.JsonWriter,java.lang.StringBuffer)	out	0
com.google.gson.internal.bind.TypeAdapters$21	read(com.google.gson.stream.JsonReader)	in	0
com.google.gson.internal.bind.TypeAdapters$21	write(com.google.gson.stream.JsonWriter,java.net.URL)	out	0
com.google.gson.internal.bind.TypeAdapters$22	read(com.google.gson.stream.JsonReader)	in	0
com.google.gson.internal.bind.TypeAdapters$22	write(com.google.gson.stream.JsonWriter,java.net.URI)	out	0
com.google.gson.internal.bind.TypeAdapters$23	read(com.google.gson.stream.JsonReader)	in	0
com.google.gson.internal.bind.TypeAdapters$23	write(com.google.gson.stream.JsonWriter,java.net.InetAddress)	out	0
com.google.gson.internal.bind.TypeAdapters$24	read(com.google.gson.stream.JsonReader)	in	0
com.google.gson.internal.bind.TypeAdapters$24	write(com.google.gson.stream.JsonWriter,java.util.UUID)	out	0
com.google.gson.internal.bind.TypeAdapters$25	write(com.google.gson.stream.JsonWriter,java.util.Currency)	out	0
com.google.gson.internal.bind.TypeAdapters$26	create(com.google.gson.Gson,com.google.gson.reflect.TypeToken)	gson	0
com.google.gson.internal.bind.TypeAdapters$26	create(com.google.gson.Gson,com.google.gson.reflect.TypeToken)	typeToken	1
com.google.gson.internal.bind.TypeAdapters$27	read(com.google.gson.stream.JsonReader)	in	0
com.google.gson.internal.bind.TypeAdapters$27	write(com.google.gson.stream.JsonWriter,java.util.Calendar)	value	1
com.google.gson.internal.bind.TypeAdapters$27	write(com.google.gson.stream.JsonWriter,java.util.Calendar)	out	0
com.google.gson.internal.bind.TypeAdapters$28	read(com.google.gson.stream.JsonReader)	in	0
com.google.gson.internal.bind.TypeAdapters$28	write(com.google.gson.stream.JsonWriter,java.util.Locale)	out	0
com.google.gson.internal.bind.TypeAdapters$29	read(com.google.gson.stream.JsonReader)	in	0
com.google.gson.internal.bind.TypeAdapters$29	write(com.google.gson.stream.JsonWriter,com.google.gson.JsonElement)	value	1
com.google.gson.internal.bind.TypeAdapters$29	write(com.google.gson.stream.JsonWriter,com.google.gson.JsonElement)	out	0
com.google.gson.internal.bind.TypeAdapters$EnumTypeAdapter	EnumTypeAdapter(java.lang.Class)	classOfT	0
com.google.gson.internal.bind.TypeAdapters$EnumTypeAdapter	read(com.google.gson.stream.JsonReader)	in	0
com.google.gson.internal.bind.TypeAdapters$EnumTypeAdapter	write(com.google.gson.stream.JsonWriter,T)	out	0
com.google.gson.internal.bind.TypeAdapters$30	create(com.google.gson.Gson,com.google.gson.reflect.TypeToken)	typeToken	1
com.google.gson.internal.bind.TypeAdapters	newFactory(com.google.gson.reflect.TypeToken,com.google.gson.TypeAdapter)	typeAdapter	1
com.google.gson.internal.bind.TypeAdapters$31	create(com.google.gson.Gson,com.google.gson.reflect.TypeToken)	typeToken	1
com.google.gson.internal.bind.TypeAdapters	newFactory(java.lang.Class,com.google.gson.TypeAdapter)	type	0
com.google.gson.internal.bind.TypeAdapters	newFactory(java.lang.Class,com.google.gson.TypeAdapter)	typeAdapter	1
com.google.gson.internal.bind.TypeAdapters$32	create(com.google.gson.Gson,com.google.gson.reflect.TypeToken)	typeToken	1
com.google.gson.internal.bind.TypeAdapters	newFactory(java.lang.Class,java.lang.Class,com.google.gson.TypeAdapter)	unboxed	0
com.google.gson.internal.bind.TypeAdapters	newFactory(java.lang.Class,java.lang.Class,com.google.gson.TypeAdapter)	boxed	1
com.google.gson.internal.bind.TypeAdapters	newFactory(java.lang.Class,java.lang.Class,com.google.gson.TypeAdapter)	typeAdapter	2
com.google.gson.internal.bind.TypeAdapters$33	create(com.google.gson.Gson,com.google.gson.reflect.TypeToken)	typeToken	1
com.google.gson.internal.bind.TypeAdapters	newFactoryForMultipleTypes(java.lang.Class,java.lang.Class,com.google.gson.TypeAdapter)	sub	1
com.google.gson.internal.bind.TypeAdapters	newFactoryForMultipleTypes(java.lang.Class,java.lang.Class,com.google.gson.TypeAdapter)	typeAdapter	2
com.google.gson.internal.bind.TypeAdapters	newFactoryForMultipleTypes(java.lang.Class,java.lang.Class,com.google.gson.TypeAdapter)	base	0
com.google.gson.internal.bind.TypeAdapters$34	create(com.google.gson.Gson,com.google.gson.reflect.TypeToken)	typeToken	1
com.google.gson.internal.bind.TypeAdapters	newTypeHierarchyFactory(java.lang.Class,com.google.gson.TypeAdapter)	clazz	0
com.google.gson.internal.bind.TypeAdapters	newTypeHierarchyFactory(java.lang.Class,com.google.gson.TypeAdapter)	typeAdapter	1
com.google.gson.internal.bind.TypeAdapters$35	create(com.google.gson.Gson,com.google.gson.reflect.TypeToken)	typeToken	1
com.google.gson.internal.bind.TreeTypeAdapter	TreeTypeAdapter(com.google.gson.JsonSerializer,com.google.gson.JsonDeserializer,com.google.gson.Gson,com.google.gson.reflect.TypeToken,com.google.gson.TypeAdapterFactory)	typeToken	3
com.google.gson.internal.bind.TreeTypeAdapter	TreeTypeAdapter(com.google.gson.JsonSerializer,com.google.gson.JsonDeserializer,com.google.gson.Gson,com.google.gson.reflect.TypeToken,com.google.gson.TypeAdapterFactory)	gson	2
com.google.gson.internal.bind.TreeTypeAdapter	TreeTypeAdapter(com.google.gson.JsonSerializer,com.google.gson.JsonDeserializer,com.google.gson.Gson,com.google.gson.reflect.TypeToken,com.google.gson.TypeAdapterFactory)	serializer	0
com.google.gson.internal.bind.TreeTypeAdapter	TreeTypeAdapter(com.google.gson.JsonSerializer,com.google.gson.JsonDeserializer,com.google.gson.Gson,com.google.gson.reflect.TypeToken,com.google.gson.TypeAdapterFactory)	deserializer	1
com.google.gson.internal.bind.TreeTypeAdapter	TreeTypeAdapter(com.google.gson.JsonSerializer,com.google.gson.JsonDeserializer,com.google.gson.Gson,com.google.gson.reflect.TypeToken,com.google.gson.TypeAdapterFactory)	skipPast	4
com.google.gson.internal.bind.TreeTypeAdapter	write(com.google.gson.stream.JsonWriter,T)	value	1
com.google.gson.internal.bind.TreeTypeAdapter	write(com.google.gson.stream.JsonWriter,T)	out	0
com.google.gson.internal.bind.TreeTypeAdapter	newFactory(com.google.gson.reflect.TypeToken,java.lang.Object)	exactType	0
com.google.gson.internal.bind.TreeTypeAdapter	newFactory(com.google.gson.reflect.TypeToken,java.lang.Object)	typeAdapter	1
com.google.gson.internal.bind.TreeTypeAdapter	newFactoryWithMatchRawType(com.google.gson.reflect.TypeToken,java.lang.Object)	typeAdapter	1
com.google.gson.internal.bind.TreeTypeAdapter	newFactoryWithMatchRawType(com.google.gson.reflect.TypeToken,java.lang.Object)	exactType	0
com.google.gson.internal.bind.TreeTypeAdapter	newTypeHierarchyFactory(java.lang.Class,java.lang.Object)	hierarchyType	0
com.google.gson.internal.bind.TreeTypeAdapter	newTypeHierarchyFactory(java.lang.Class,java.lang.Object)	typeAdapter	1
com.google.gson.internal.bind.TreeTypeAdapter$SingleTypeFactory	SingleTypeFactory(java.lang.Object,com.google.gson.reflect.TypeToken,boolean,java.lang.Class)	exactType	1
com.google.gson.internal.bind.TreeTypeAdapter$SingleTypeFactory	SingleTypeFactory(java.lang.Object,com.google.gson.reflect.TypeToken,boolean,java.lang.Class)	matchRawType	2
com.google.gson.internal.bind.TreeTypeAdapter$SingleTypeFactory	SingleTypeFactory(java.lang.Object,com.google.gson.reflect.TypeToken,boolean,java.lang.Class)	typeAdapter	0
com.google.gson.internal.bind.TreeTypeAdapter$SingleTypeFactory	SingleTypeFactory(java.lang.Object,com.google.gson.reflect.TypeToken,boolean,java.lang.Class)	hierarchyType	3
com.google.gson.internal.bind.TreeTypeAdapter$SingleTypeFactory	create(com.google.gson.Gson,com.google.gson.reflect.TypeToken)	type	1
com.google.gson.internal.bind.TreeTypeAdapter$SingleTypeFactory	create(com.google.gson.Gson,com.google.gson.reflect.TypeToken)	gson	0
com.google.gson.internal.bind.ArrayTypeAdapter$1	create(com.google.gson.Gson,com.google.gson.reflect.TypeToken)	gson	0
com.google.gson.internal.bind.ArrayTypeAdapter$1	create(com.google.gson.Gson,com.google.gson.reflect.TypeToken)	typeToken	1
com.google.gson.internal.bind.ArrayTypeAdapter	ArrayTypeAdapter(com.google.gson.Gson,com.google.gson.TypeAdapter,java.lang.Class)	componentType	2
com.google.gson.internal.bind.ArrayTypeAdapter	ArrayTypeAdapter(com.google.gson.Gson,com.google.gson.TypeAdapter,java.lang.Class)	context	0
com.google.gson.internal.bind.ArrayTypeAdapter	ArrayTypeAdapter(com.google.gson.Gson,com.google.gson.TypeAdapter,java.lang.Class)	componentTypeAdapter	1
com.google.gson.internal.bind.ArrayTypeAdapter	read(com.google.gson.stream.JsonReader)	in	0
com.google.gson.internal.bind.ArrayTypeAdapter	write(com.google.gson.stream.JsonWriter,java.lang.Object)	out	0
com.google.gson.internal.bind.ArrayTypeAdapter	write(com.google.gson.stream.JsonWriter,java.lang.Object)	array	1
com.google.gson.internal.PreJava9DateFormatProvider	getDateFormatPattern(int)	style	0
com.google.gson.internal.PreJava9DateFormatProvider	getDatePartOfDateTimePattern(int)	dateStyle	0
com.google.gson.internal.PreJava9DateFormatProvider	getTimePartOfDateTimePattern(int)	timeStyle	0
com.google.gson.JsonParser	parseReader(java.io.Reader)	reader	0
com.google.gson.JsonParser	parseReader(com.google.gson.stream.JsonReader)	reader	0
