message_type	message	enc_class	enc_member	offset	path	target_kind	target_class	target_method	target_param	target_index	target_path	infos
PASS_NULLABLE	passing @Nullable parameter 'null' where @NonNull is required	com.google.gson.Gson	Gson()	8930	/home/nima/Developer/nullness-benchmarks/gson/gson/src/main/java/com/google/gson/Gson.java	PARAMETER	com.google.gson.Gson	Gson(com.google.gson.internal.Excluder,com.google.gson.FieldNamingStrategy,java.util.Map,boolean,boolean,boolean,boolean,boolean,boolean,boolean,com.google.gson.LongSerializationPolicy,java.lang.String,int,int,java.util.List,java.util.List,java.util.List)	datePattern	11	/home/nima/Developer/nullness-benchmarks/gson/gson/src/main/java/com/google/gson/Gson.java
RETURN_NULLABLE	returning @Nullable expression from method with @NonNull return type	com.google.gson.Gson$1	read(com.google.gson.stream.JsonReader)	14992	/home/nima/Developer/nullness-benchmarks/gson/gson/src/main/java/com/google/gson/Gson.java	METHOD	com.google.gson.Gson$1	read(com.google.gson.stream.JsonReader)	null	null	/home/nima/Developer/nullness-benchmarks/gson/gson/src/main/java/com/google/gson/Gson.java
RETURN_NULLABLE	returning @Nullable expression from method with @NonNull return type	com.google.gson.Gson$2	read(com.google.gson.stream.JsonReader)	15729	/home/nima/Developer/nullness-benchmarks/gson/gson/src/main/java/com/google/gson/Gson.java	METHOD	com.google.gson.Gson$2	read(com.google.gson.stream.JsonReader)	null	null	/home/nima/Developer/nullness-benchmarks/gson/gson/src/main/java/com/google/gson/Gson.java
RETURN_NULLABLE	returning @Nullable expression from method with @NonNull return type	com.google.gson.Gson$3	read(com.google.gson.stream.JsonReader)	16858	/home/nima/Developer/nullness-benchmarks/gson/gson/src/main/java/com/google/gson/Gson.java	METHOD	com.google.gson.Gson$3	read(com.google.gson.stream.JsonReader)	null	null	/home/nima/Developer/nullness-benchmarks/gson/gson/src/main/java/com/google/gson/Gson.java
RETURN_NULLABLE	returning @Nullable expression from method with @NonNull return type	com.google.gson.Gson	fromJson(java.lang.String,java.lang.reflect.Type)	36514	/home/nima/Developer/nullness-benchmarks/gson/gson/src/main/java/com/google/gson/Gson.java	METHOD	com.google.gson.Gson	fromJson(java.lang.String,java.lang.reflect.Type)	null	null	/home/nima/Developer/nullness-benchmarks/gson/gson/src/main/java/com/google/gson/Gson.java
RETURN_NULLABLE	returning @Nullable expression from method with @NonNull return type	com.google.gson.Gson	fromJson(com.google.gson.stream.JsonReader,java.lang.reflect.Type)	41134	/home/nima/Developer/nullness-benchmarks/gson/gson/src/main/java/com/google/gson/Gson.java	METHOD	com.google.gson.Gson	fromJson(com.google.gson.stream.JsonReader,java.lang.reflect.Type)	null	null	/home/nima/Developer/nullness-benchmarks/gson/gson/src/main/java/com/google/gson/Gson.java
RETURN_NULLABLE	returning @Nullable expression from method with @NonNull return type	com.google.gson.Gson	fromJson(com.google.gson.JsonElement,java.lang.reflect.Type)	44154	/home/nima/Developer/nullness-benchmarks/gson/gson/src/main/java/com/google/gson/Gson.java	METHOD	com.google.gson.Gson	fromJson(com.google.gson.JsonElement,java.lang.reflect.Type)	null	null	/home/nima/Developer/nullness-benchmarks/gson/gson/src/main/java/com/google/gson/Gson.java
FIELD_NO_INIT	@NonNull field Gson$FutureTypeAdapter.delegate not initialized	com.google.gson.Gson$FutureTypeAdapter	delegate	44303	/home/nima/Developer/nullness-benchmarks/gson/gson/src/main/java/com/google/gson/Gson.java	FIELD	com.google.gson.Gson$FutureTypeAdapter	null	delegate	null	/home/nima/Developer/nullness-benchmarks/gson/gson/src/main/java/com/google/gson/Gson.java
METHOD_NO_INIT	initializer method does not guarantee @NonNull field datePattern (line 88) is initialized along all control-flow paths (remember to check for exceptions or early returns).	com.google.gson.GsonBuilder	GsonBuilder()	4373	/home/nima/Developer/nullness-benchmarks/gson/gson/src/main/java/com/google/gson/GsonBuilder.java	null	null	null	null	null	null
ASSIGN_FIELD_NULLABLE	assigning @Nullable expression to @NonNull field	com.google.gson.GsonBuilder	setDateFormat(int)	17974	/home/nima/Developer/nullness-benchmarks/gson/gson/src/main/java/com/google/gson/GsonBuilder.java	FIELD	com.google.gson.GsonBuilder	null	datePattern	null	/home/nima/Developer/nullness-benchmarks/gson/gson/src/main/java/com/google/gson/GsonBuilder.java
ASSIGN_FIELD_NULLABLE	assigning @Nullable expression to @NonNull field	com.google.gson.GsonBuilder	setDateFormat(int,int)	18971	/home/nima/Developer/nullness-benchmarks/gson/gson/src/main/java/com/google/gson/GsonBuilder.java	FIELD	com.google.gson.GsonBuilder	null	datePattern	null	/home/nima/Developer/nullness-benchmarks/gson/gson/src/main/java/com/google/gson/GsonBuilder.java
RETURN_NULLABLE	returning @Nullable expression from method with @NonNull return type	com.google.gson.internal.Excluder	create(com.google.gson.Gson,com.google.gson.reflect.TypeToken)	4144	/home/nima/Developer/nullness-benchmarks/gson/gson/src/main/java/com/google/gson/internal/Excluder.java	METHOD	com.google.gson.internal.Excluder	create(com.google.gson.Gson,com.google.gson.reflect.TypeToken)	null	null	/home/nima/Developer/nullness-benchmarks/gson/gson/src/main/java/com/google/gson/internal/Excluder.java
FIELD_NO_INIT	@NonNull field Excluder$1.delegate not initialized	com.google.gson.internal.Excluder$1	delegate	4304	/home/nima/Developer/nullness-benchmarks/gson/gson/src/main/java/com/google/gson/internal/Excluder.java	FIELD	com.google.gson.internal.Excluder$1	null	delegate	null	/home/nima/Developer/nullness-benchmarks/gson/gson/src/main/java/com/google/gson/internal/Excluder.java
RETURN_NULLABLE	returning @Nullable expression from method with @NonNull return type	com.google.gson.internal.Excluder$1	read(com.google.gson.stream.JsonReader)	4471	/home/nima/Developer/nullness-benchmarks/gson/gson/src/main/java/com/google/gson/internal/Excluder.java	METHOD	com.google.gson.internal.Excluder$1	read(com.google.gson.stream.JsonReader)	null	null	/home/nima/Developer/nullness-benchmarks/gson/gson/src/main/java/com/google/gson/internal/Excluder.java
METHOD_NO_INIT	initializer method does not guarantee @NonNull fields root (line 47), entrySet (line 426), keySet (line 427) are initialized along all control-flow paths (remember to check for exceptions or early returns).	com.google.gson.internal.LinkedTreeMap	LinkedTreeMap(java.util.Comparator)	2392	/home/nima/Developer/nullness-benchmarks/gson/gson/src/main/java/com/google/gson/internal/LinkedTreeMap.java	null	null	null	null	null	null
RETURN_NULLABLE	returning @Nullable expression from method with @NonNull return type	com.google.gson.internal.LinkedTreeMap	get(java.lang.Object)	2804	/home/nima/Developer/nullness-benchmarks/gson/gson/src/main/java/com/google/gson/internal/LinkedTreeMap.java	METHOD	com.google.gson.internal.LinkedTreeMap	get(java.lang.Object)	null	null	/home/nima/Developer/nullness-benchmarks/gson/gson/src/main/java/com/google/gson/internal/LinkedTreeMap.java
ASSIGN_FIELD_NULLABLE	assigning @Nullable expression to @NonNull field	com.google.gson.internal.LinkedTreeMap	clear()	3232	/home/nima/Developer/nullness-benchmarks/gson/gson/src/main/java/com/google/gson/internal/LinkedTreeMap.java	FIELD	com.google.gson.internal.LinkedTreeMap	null	root	null	/home/nima/Developer/nullness-benchmarks/gson/gson/src/main/java/com/google/gson/internal/LinkedTreeMap.java
RETURN_NULLABLE	returning @Nullable expression from method with @NonNull return type	com.google.gson.internal.LinkedTreeMap	remove(java.lang.Object)	3481	/home/nima/Developer/nullness-benchmarks/gson/gson/src/main/java/com/google/gson/internal/LinkedTreeMap.java	METHOD	com.google.gson.internal.LinkedTreeMap	remove(java.lang.Object)	null	null	/home/nima/Developer/nullness-benchmarks/gson/gson/src/main/java/com/google/gson/internal/LinkedTreeMap.java
RETURN_NULLABLE	returning @Nullable expression from method with @NonNull return type	com.google.gson.internal.LinkedTreeMap	find(K,boolean)	4793	/home/nima/Developer/nullness-benchmarks/gson/gson/src/main/java/com/google/gson/internal/LinkedTreeMap.java	METHOD	com.google.gson.internal.LinkedTreeMap	find(K,boolean)	null	null	/home/nima/Developer/nullness-benchmarks/gson/gson/src/main/java/com/google/gson/internal/LinkedTreeMap.java
RETURN_NULLABLE	returning @Nullable expression from method with @NonNull return type	com.google.gson.internal.LinkedTreeMap	findByObject(java.lang.Object)	5737	/home/nima/Developer/nullness-benchmarks/gson/gson/src/main/java/com/google/gson/internal/LinkedTreeMap.java	METHOD	com.google.gson.internal.LinkedTreeMap	findByObject(java.lang.Object)	null	null	/home/nima/Developer/nullness-benchmarks/gson/gson/src/main/java/com/google/gson/internal/LinkedTreeMap.java
RETURN_NULLABLE	returning @Nullable expression from method with @NonNull return type	com.google.gson.internal.LinkedTreeMap	findByObject(java.lang.Object)	5830	/home/nima/Developer/nullness-benchmarks/gson/gson/src/main/java/com/google/gson/internal/LinkedTreeMap.java	METHOD	com.google.gson.internal.LinkedTreeMap	findByObject(java.lang.Object)	null	null	/home/nima/Developer/nullness-benchmarks/gson/gson/src/main/java/com/google/gson/internal/LinkedTreeMap.java
RETURN_NULLABLE	returning @Nullable expression from method with @NonNull return type	com.google.gson.internal.LinkedTreeMap	findByEntry(java.util.Map.Entry)	6458	/home/nima/Developer/nullness-benchmarks/gson/gson/src/main/java/com/google/gson/internal/LinkedTreeMap.java	METHOD	com.google.gson.internal.LinkedTreeMap	findByEntry(java.util.Map.Entry)	null	null	/home/nima/Developer/nullness-benchmarks/gson/gson/src/main/java/com/google/gson/internal/LinkedTreeMap.java
ASSIGN_FIELD_NULLABLE	assigning @Nullable expression to @NonNull field	com.google.gson.internal.LinkedTreeMap	removeInternal(com.google.gson.internal.LinkedTreeMap.Node,boolean)	7773	/home/nima/Developer/nullness-benchmarks/gson/gson/src/main/java/com/google/gson/internal/LinkedTreeMap.java	FIELD	com.google.gson.internal.LinkedTreeMap$Node	null	left	null	/home/nima/Developer/nullness-benchmarks/gson/gson/src/main/java/com/google/gson/internal/LinkedTreeMap.java
ASSIGN_FIELD_NULLABLE	assigning @Nullable expression to @NonNull field	com.google.gson.internal.LinkedTreeMap	removeInternal(com.google.gson.internal.LinkedTreeMap.Node,boolean)	7989	/home/nima/Developer/nullness-benchmarks/gson/gson/src/main/java/com/google/gson/internal/LinkedTreeMap.java	FIELD	com.google.gson.internal.LinkedTreeMap$Node	null	right	null	/home/nima/Developer/nullness-benchmarks/gson/gson/src/main/java/com/google/gson/internal/LinkedTreeMap.java
ASSIGN_FIELD_NULLABLE	assigning @Nullable expression to @NonNull field	com.google.gson.internal.LinkedTreeMap	removeInternal(com.google.gson.internal.LinkedTreeMap.Node,boolean)	8205	/home/nima/Developer/nullness-benchmarks/gson/gson/src/main/java/com/google/gson/internal/LinkedTreeMap.java	FIELD	com.google.gson.internal.LinkedTreeMap$Node	null	left	null	/home/nima/Developer/nullness-benchmarks/gson/gson/src/main/java/com/google/gson/internal/LinkedTreeMap.java
ASSIGN_FIELD_NULLABLE	assigning @Nullable expression to @NonNull field	com.google.gson.internal.LinkedTreeMap	removeInternal(com.google.gson.internal.LinkedTreeMap.Node,boolean)	8297	/home/nima/Developer/nullness-benchmarks/gson/gson/src/main/java/com/google/gson/internal/LinkedTreeMap.java	FIELD	com.google.gson.internal.LinkedTreeMap$Node	null	right	null	/home/nima/Developer/nullness-benchmarks/gson/gson/src/main/java/com/google/gson/internal/LinkedTreeMap.java
PASS_NULLABLE	passing @Nullable parameter 'null' where @NonNull is required	com.google.gson.internal.LinkedTreeMap	removeInternal(com.google.gson.internal.LinkedTreeMap.Node,boolean)	8335	/home/nima/Developer/nullness-benchmarks/gson/gson/src/main/java/com/google/gson/internal/LinkedTreeMap.java	PARAMETER	com.google.gson.internal.LinkedTreeMap	replaceInParent(com.google.gson.internal.LinkedTreeMap.Node,com.google.gson.internal.LinkedTreeMap.Node)	replacement	1	/home/nima/Developer/nullness-benchmarks/gson/gson/src/main/java/com/google/gson/internal/LinkedTreeMap.java
ASSIGN_FIELD_NULLABLE	assigning @Nullable expression to @NonNull field	com.google.gson.internal.LinkedTreeMap	replaceInParent(com.google.gson.internal.LinkedTreeMap.Node,com.google.gson.internal.LinkedTreeMap.Node)	8731	/home/nima/Developer/nullness-benchmarks/gson/gson/src/main/java/com/google/gson/internal/LinkedTreeMap.java	FIELD	com.google.gson.internal.LinkedTreeMap$Node	null	parent	null	/home/nima/Developer/nullness-benchmarks/gson/gson/src/main/java/com/google/gson/internal/LinkedTreeMap.java
METHOD_NO_INIT	initializer method does not guarantee @NonNull fields parent (line 440), left (line 441), right (line 442), value (line 446) are initialized along all control-flow paths (remember to check for exceptions or early returns).	com.google.gson.internal.LinkedTreeMap$Node	Node()	13621	/home/nima/Developer/nullness-benchmarks/gson/gson/src/main/java/com/google/gson/internal/LinkedTreeMap.java	null	null	null	null	null	null
METHOD_NO_INIT	initializer method does not guarantee @NonNull fields left (line 441), right (line 442), value (line 446) are initialized along all control-flow paths (remember to check for exceptions or early returns).	com.google.gson.internal.LinkedTreeMap$Node	Node(com.google.gson.internal.LinkedTreeMap.Node,K,com.google.gson.internal.LinkedTreeMap.Node,com.google.gson.internal.LinkedTreeMap.Node)	13719	/home/nima/Developer/nullness-benchmarks/gson/gson/src/main/java/com/google/gson/internal/LinkedTreeMap.java	null	null	null	null	null	null
ASSIGN_FIELD_NULLABLE	assigning @Nullable expression to @NonNull field	com.google.gson.internal.LinkedTreeMap$Node	Node()	13636	/home/nima/Developer/nullness-benchmarks/gson/gson/src/main/java/com/google/gson/internal/LinkedTreeMap.java	FIELD	com.google.gson.internal.LinkedTreeMap$Node	null	key	null	/home/nima/Developer/nullness-benchmarks/gson/gson/src/main/java/com/google/gson/internal/LinkedTreeMap.java
ASSIGN_FIELD_NULLABLE	assigning @Nullable expression to @NonNull field	com.google.gson.internal.LinkedTreeMap$LinkedTreeMapIterator	lastReturned	15432	/home/nima/Developer/nullness-benchmarks/gson/gson/src/main/java/com/google/gson/internal/LinkedTreeMap.java	FIELD	com.google.gson.internal.LinkedTreeMap$LinkedTreeMapIterator	null	lastReturned	null	/home/nima/Developer/nullness-benchmarks/gson/gson/src/main/java/com/google/gson/internal/LinkedTreeMap.java
ASSIGN_FIELD_NULLABLE	assigning @Nullable expression to @NonNull field	com.google.gson.internal.LinkedTreeMap$LinkedTreeMapIterator	remove()	16078	/home/nima/Developer/nullness-benchmarks/gson/gson/src/main/java/com/google/gson/internal/LinkedTreeMap.java	FIELD	com.google.gson.internal.LinkedTreeMap$LinkedTreeMapIterator	null	lastReturned	null	/home/nima/Developer/nullness-benchmarks/gson/gson/src/main/java/com/google/gson/internal/LinkedTreeMap.java
PASS_NULLABLE	passing @Nullable parameter 'null' where @NonNull is required	com.google.gson.reflect.TypeToken	getParameterized(java.lang.reflect.Type,java.lang.reflect.Type[])	9826	/home/nima/Developer/nullness-benchmarks/gson/gson/src/main/java/com/google/gson/reflect/TypeToken.java	PARAMETER	com.google.gson.internal.$Gson$Types	newParameterizedTypeWithOwner(java.lang.reflect.Type,java.lang.reflect.Type,java.lang.reflect.Type[])	ownerType	0	/home/nima/Developer/nullness-benchmarks/gson/gson/src/main/java/com/google/gson/internal/$Gson$Types.java
RETURN_NULLABLE	returning @Nullable expression from method with @NonNull return type	com.google.gson.TypeAdapter$1	read(com.google.gson.stream.JsonReader)	7962	/home/nima/Developer/nullness-benchmarks/gson/gson/src/main/java/com/google/gson/TypeAdapter.java	METHOD	com.google.gson.TypeAdapter$1	read(com.google.gson.stream.JsonReader)	null	null	/home/nima/Developer/nullness-benchmarks/gson/gson/src/main/java/com/google/gson/TypeAdapter.java
METHOD_NO_INIT	initializer method does not guarantee @NonNull fields indent (line 178), deferredName (line 189) are initialized along all control-flow paths (remember to check for exceptions or early returns).	com.google.gson.stream.JsonWriter	JsonWriter(java.io.Writer)	7053	/home/nima/Developer/nullness-benchmarks/gson/gson/src/main/java/com/google/gson/stream/JsonWriter.java	null	null	null	null	null	null
ASSIGN_FIELD_NULLABLE	assigning @Nullable expression to @NonNull field	com.google.gson.stream.JsonWriter	setIndent(java.lang.String)	7594	/home/nima/Developer/nullness-benchmarks/gson/gson/src/main/java/com/google/gson/stream/JsonWriter.java	FIELD	com.google.gson.stream.JsonWriter	null	indent	null	/home/nima/Developer/nullness-benchmarks/gson/gson/src/main/java/com/google/gson/stream/JsonWriter.java
ASSIGN_FIELD_NULLABLE	assigning @Nullable expression to @NonNull field	com.google.gson.stream.JsonWriter	writeDeferredName()	12555	/home/nima/Developer/nullness-benchmarks/gson/gson/src/main/java/com/google/gson/stream/JsonWriter.java	FIELD	com.google.gson.stream.JsonWriter	null	deferredName	null	/home/nima/Developer/nullness-benchmarks/gson/gson/src/main/java/com/google/gson/stream/JsonWriter.java
ASSIGN_FIELD_NULLABLE	assigning @Nullable expression to @NonNull field	com.google.gson.stream.JsonWriter	nullValue()	13589	/home/nima/Developer/nullness-benchmarks/gson/gson/src/main/java/com/google/gson/stream/JsonWriter.java	FIELD	com.google.gson.stream.JsonWriter	null	deferredName	null	/home/nima/Developer/nullness-benchmarks/gson/gson/src/main/java/com/google/gson/stream/JsonWriter.java
METHOD_NO_INIT	initializer method does not guarantee @NonNull field peekedString (line 263) is initialized along all control-flow paths (remember to check for exceptions or early returns).	com.google.gson.stream.JsonReader	JsonReader(java.io.Reader)	10886	/home/nima/Developer/nullness-benchmarks/gson/gson/src/main/java/com/google/gson/stream/JsonReader.java	null	null	null	null	null	null
ASSIGN_FIELD_NULLABLE	assigning @Nullable expression to @NonNull field	com.google.gson.stream.JsonReader	nextString()	26581	/home/nima/Developer/nullness-benchmarks/gson/gson/src/main/java/com/google/gson/stream/JsonReader.java	FIELD	com.google.gson.stream.JsonReader	null	peekedString	null	/home/nima/Developer/nullness-benchmarks/gson/gson/src/main/java/com/google/gson/stream/JsonReader.java
ASSIGN_FIELD_NULLABLE	assigning @Nullable expression to @NonNull field	com.google.gson.stream.JsonReader	nextDouble()	29804	/home/nima/Developer/nullness-benchmarks/gson/gson/src/main/java/com/google/gson/stream/JsonReader.java	FIELD	com.google.gson.stream.JsonReader	null	peekedString	null	/home/nima/Developer/nullness-benchmarks/gson/gson/src/main/java/com/google/gson/stream/JsonReader.java
ASSIGN_FIELD_NULLABLE	assigning @Nullable expression to @NonNull field	com.google.gson.stream.JsonReader	nextLong()	31834	/home/nima/Developer/nullness-benchmarks/gson/gson/src/main/java/com/google/gson/stream/JsonReader.java	FIELD	com.google.gson.stream.JsonReader	null	peekedString	null	/home/nima/Developer/nullness-benchmarks/gson/gson/src/main/java/com/google/gson/stream/JsonReader.java
ASSIGN_FIELD_NULLABLE	assigning @Nullable expression to @NonNull field	com.google.gson.stream.JsonReader	nextInt()	38769	/home/nima/Developer/nullness-benchmarks/gson/gson/src/main/java/com/google/gson/stream/JsonReader.java	FIELD	com.google.gson.stream.JsonReader	null	peekedString	null	/home/nima/Developer/nullness-benchmarks/gson/gson/src/main/java/com/google/gson/stream/JsonReader.java
RETURN_NULLABLE	returning @Nullable expression from method with @NonNull return type	com.google.gson.internal.ConstructorConstructor	newDefaultConstructor(java.lang.Class)	4474	/home/nima/Developer/nullness-benchmarks/gson/gson/src/main/java/com/google/gson/internal/ConstructorConstructor.java	METHOD	com.google.gson.internal.ConstructorConstructor	newDefaultConstructor(java.lang.Class)	null	null	/home/nima/Developer/nullness-benchmarks/gson/gson/src/main/java/com/google/gson/internal/ConstructorConstructor.java
RETURN_NULLABLE	returning @Nullable expression from method with @NonNull return type	com.google.gson.internal.ConstructorConstructor	newDefaultImplementationConstructor(java.lang.reflect.Type,java.lang.Class)	7729	/home/nima/Developer/nullness-benchmarks/gson/gson/src/main/java/com/google/gson/internal/ConstructorConstructor.java	METHOD	com.google.gson.internal.ConstructorConstructor	newDefaultImplementationConstructor(java.lang.reflect.Type,java.lang.Class)	null	null	/home/nima/Developer/nullness-benchmarks/gson/gson/src/main/java/com/google/gson/internal/ConstructorConstructor.java
RETURN_NULLABLE	returning @Nullable expression from method with @NonNull return type	com.google.gson.internal.bind.JsonAdapterAnnotationTypeAdapterFactory	create(com.google.gson.Gson,com.google.gson.reflect.TypeToken)	1738	/home/nima/Developer/nullness-benchmarks/gson/gson/src/main/java/com/google/gson/internal/bind/JsonAdapterAnnotationTypeAdapterFactory.java	METHOD	com.google.gson.internal.bind.JsonAdapterAnnotationTypeAdapterFactory	create(com.google.gson.Gson,com.google.gson.reflect.TypeToken)	null	null	/home/nima/Developer/nullness-benchmarks/gson/gson/src/main/java/com/google/gson/internal/bind/JsonAdapterAnnotationTypeAdapterFactory.java
PASS_NULLABLE	passing @Nullable parameter 'serializer' where @NonNull is required	com.google.gson.internal.bind.JsonAdapterAnnotationTypeAdapterFactory	getTypeAdapter(com.google.gson.internal.ConstructorConstructor,com.google.gson.Gson,com.google.gson.reflect.TypeToken,com.google.gson.annotations.JsonAdapter)	2810	/home/nima/Developer/nullness-benchmarks/gson/gson/src/main/java/com/google/gson/internal/bind/JsonAdapterAnnotationTypeAdapterFactory.java	PARAMETER	com.google.gson.internal.bind.TreeTypeAdapter	TreeTypeAdapter(com.google.gson.JsonSerializer,com.google.gson.JsonDeserializer,com.google.gson.Gson,com.google.gson.reflect.TypeToken,com.google.gson.TypeAdapterFactory)	serializer	0	/home/nima/Developer/nullness-benchmarks/gson/gson/src/main/java/com/google/gson/internal/bind/TreeTypeAdapter.java
PASS_NULLABLE	passing @Nullable parameter 'deserializer' where @NonNull is required	com.google.gson.internal.bind.JsonAdapterAnnotationTypeAdapterFactory	getTypeAdapter(com.google.gson.internal.ConstructorConstructor,com.google.gson.Gson,com.google.gson.reflect.TypeToken,com.google.gson.annotations.JsonAdapter)	2810	/home/nima/Developer/nullness-benchmarks/gson/gson/src/main/java/com/google/gson/internal/bind/JsonAdapterAnnotationTypeAdapterFactory.java	PARAMETER	com.google.gson.internal.bind.TreeTypeAdapter	TreeTypeAdapter(com.google.gson.JsonSerializer,com.google.gson.JsonDeserializer,com.google.gson.Gson,com.google.gson.reflect.TypeToken,com.google.gson.TypeAdapterFactory)	deserializer	1	/home/nima/Developer/nullness-benchmarks/gson/gson/src/main/java/com/google/gson/internal/bind/TreeTypeAdapter.java
PASS_NULLABLE	passing @Nullable parameter 'null' where @NonNull is required	com.google.gson.internal.bind.JsonAdapterAnnotationTypeAdapterFactory	getTypeAdapter(com.google.gson.internal.ConstructorConstructor,com.google.gson.Gson,com.google.gson.reflect.TypeToken,com.google.gson.annotations.JsonAdapter)	2810	/home/nima/Developer/nullness-benchmarks/gson/gson/src/main/java/com/google/gson/internal/bind/JsonAdapterAnnotationTypeAdapterFactory.java	PARAMETER	com.google.gson.internal.bind.TreeTypeAdapter	TreeTypeAdapter(com.google.gson.JsonSerializer,com.google.gson.JsonDeserializer,com.google.gson.Gson,com.google.gson.reflect.TypeToken,com.google.gson.TypeAdapterFactory)	skipPast	4	/home/nima/Developer/nullness-benchmarks/gson/gson/src/main/java/com/google/gson/internal/bind/TreeTypeAdapter.java
RETURN_NULLABLE	returning @Nullable expression from method with @NonNull return type	com.google.gson.DefaultDateTypeAdapter	read(com.google.gson.stream.JsonReader)	4564	/home/nima/Developer/nullness-benchmarks/gson/gson/src/main/java/com/google/gson/DefaultDateTypeAdapter.java	METHOD	com.google.gson.DefaultDateTypeAdapter	read(com.google.gson.stream.JsonReader)	null	null	/home/nima/Developer/nullness-benchmarks/gson/gson/src/main/java/com/google/gson/DefaultDateTypeAdapter.java
FIELD_NO_INIT	@NonNull static field INSTANCE not initialized	com.google.gson.internal.JsonReaderInternalAccess	INSTANCE	843	/home/nima/Developer/nullness-benchmarks/gson/gson/src/main/java/com/google/gson/internal/JsonReaderInternalAccess.java	FIELD	com.google.gson.internal.JsonReaderInternalAccess	null	INSTANCE	null	/home/nima/Developer/nullness-benchmarks/gson/gson/src/main/java/com/google/gson/internal/JsonReaderInternalAccess.java
METHOD_NO_INIT	initializer method does not guarantee @NonNull fields entrySet (line 454), keySet (line 455) are initialized along all control-flow paths (remember to check for exceptions or early returns).	com.google.gson.internal.LinkedHashTreeMap	LinkedHashTreeMap(java.util.Comparator)	2410	/home/nima/Developer/nullness-benchmarks/gson/gson/src/main/java/com/google/gson/internal/LinkedHashTreeMap.java	null	null	null	null	null	null
RETURN_NULLABLE	returning @Nullable expression from method with @NonNull return type	com.google.gson.internal.LinkedHashTreeMap	get(java.lang.Object)	3005	/home/nima/Developer/nullness-benchmarks/gson/gson/src/main/java/com/google/gson/internal/LinkedHashTreeMap.java	METHOD	com.google.gson.internal.LinkedHashTreeMap	get(java.lang.Object)	null	null	/home/nima/Developer/nullness-benchmarks/gson/gson/src/main/java/com/google/gson/internal/LinkedHashTreeMap.java
ASSIGN_FIELD_NULLABLE	assigning @Nullable expression to @NonNull field	com.google.gson.internal.LinkedHashTreeMap	clear()	3653	/home/nima/Developer/nullness-benchmarks/gson/gson/src/main/java/com/google/gson/internal/LinkedHashTreeMap.java	FIELD	com.google.gson.internal.LinkedHashTreeMap$Node	null	next	null	/home/nima/Developer/nullness-benchmarks/gson/gson/src/main/java/com/google/gson/internal/LinkedHashTreeMap.java
ASSIGN_FIELD_NULLABLE	assigning @Nullable expression to @NonNull field	com.google.gson.internal.LinkedHashTreeMap	clear()	3662	/home/nima/Developer/nullness-benchmarks/gson/gson/src/main/java/com/google/gson/internal/LinkedHashTreeMap.java	FIELD	com.google.gson.internal.LinkedHashTreeMap$Node	null	prev	null	/home/nima/Developer/nullness-benchmarks/gson/gson/src/main/java/com/google/gson/internal/LinkedHashTreeMap.java
RETURN_NULLABLE	returning @Nullable expression from method with @NonNull return type	com.google.gson.internal.LinkedHashTreeMap	remove(java.lang.Object)	3839	/home/nima/Developer/nullness-benchmarks/gson/gson/src/main/java/com/google/gson/internal/LinkedHashTreeMap.java	METHOD	com.google.gson.internal.LinkedHashTreeMap	remove(java.lang.Object)	null	null	/home/nima/Developer/nullness-benchmarks/gson/gson/src/main/java/com/google/gson/internal/LinkedHashTreeMap.java
RETURN_NULLABLE	returning @Nullable expression from method with @NonNull return type	com.google.gson.internal.LinkedHashTreeMap	find(K,boolean)	5281	/home/nima/Developer/nullness-benchmarks/gson/gson/src/main/java/com/google/gson/internal/LinkedHashTreeMap.java	METHOD	com.google.gson.internal.LinkedHashTreeMap	find(K,boolean)	null	null	/home/nima/Developer/nullness-benchmarks/gson/gson/src/main/java/com/google/gson/internal/LinkedHashTreeMap.java
RETURN_NULLABLE	returning @Nullable expression from method with @NonNull return type	com.google.gson.internal.LinkedHashTreeMap	findByObject(java.lang.Object)	6294	/home/nima/Developer/nullness-benchmarks/gson/gson/src/main/java/com/google/gson/internal/LinkedHashTreeMap.java	METHOD	com.google.gson.internal.LinkedHashTreeMap	findByObject(java.lang.Object)	null	null	/home/nima/Developer/nullness-benchmarks/gson/gson/src/main/java/com/google/gson/internal/LinkedHashTreeMap.java
RETURN_NULLABLE	returning @Nullable expression from method with @NonNull return type	com.google.gson.internal.LinkedHashTreeMap	findByObject(java.lang.Object)	6387	/home/nima/Developer/nullness-benchmarks/gson/gson/src/main/java/com/google/gson/internal/LinkedHashTreeMap.java	METHOD	com.google.gson.internal.LinkedHashTreeMap	findByObject(java.lang.Object)	null	null	/home/nima/Developer/nullness-benchmarks/gson/gson/src/main/java/com/google/gson/internal/LinkedHashTreeMap.java
RETURN_NULLABLE	returning @Nullable expression from method with @NonNull return type	com.google.gson.internal.LinkedHashTreeMap	findByEntry(java.util.Map.Entry)	7015	/home/nima/Developer/nullness-benchmarks/gson/gson/src/main/java/com/google/gson/internal/LinkedHashTreeMap.java	METHOD	com.google.gson.internal.LinkedHashTreeMap	findByEntry(java.util.Map.Entry)	null	null	/home/nima/Developer/nullness-benchmarks/gson/gson/src/main/java/com/google/gson/internal/LinkedHashTreeMap.java
ASSIGN_FIELD_NULLABLE	assigning @Nullable expression to @NonNull field	com.google.gson.internal.LinkedHashTreeMap	removeInternal(com.google.gson.internal.LinkedHashTreeMap.Node,boolean)	7966	/home/nima/Developer/nullness-benchmarks/gson/gson/src/main/java/com/google/gson/internal/LinkedHashTreeMap.java	FIELD	com.google.gson.internal.LinkedHashTreeMap$Node	null	next	null	/home/nima/Developer/nullness-benchmarks/gson/gson/src/main/java/com/google/gson/internal/LinkedHashTreeMap.java
ASSIGN_FIELD_NULLABLE	assigning @Nullable expression to @NonNull field	com.google.gson.internal.LinkedHashTreeMap	removeInternal(com.google.gson.internal.LinkedHashTreeMap.Node,boolean)	7978	/home/nima/Developer/nullness-benchmarks/gson/gson/src/main/java/com/google/gson/internal/LinkedHashTreeMap.java	FIELD	com.google.gson.internal.LinkedHashTreeMap$Node	null	prev	null	/home/nima/Developer/nullness-benchmarks/gson/gson/src/main/java/com/google/gson/internal/LinkedHashTreeMap.java
ASSIGN_FIELD_NULLABLE	assigning @Nullable expression to @NonNull field	com.google.gson.internal.LinkedHashTreeMap	removeInternal(com.google.gson.internal.LinkedHashTreeMap.Node,boolean)	8870	/home/nima/Developer/nullness-benchmarks/gson/gson/src/main/java/com/google/gson/internal/LinkedHashTreeMap.java	FIELD	com.google.gson.internal.LinkedHashTreeMap$Node	null	left	null	/home/nima/Developer/nullness-benchmarks/gson/gson/src/main/java/com/google/gson/internal/LinkedHashTreeMap.java
ASSIGN_FIELD_NULLABLE	assigning @Nullable expression to @NonNull field	com.google.gson.internal.LinkedHashTreeMap	removeInternal(com.google.gson.internal.LinkedHashTreeMap.Node,boolean)	9085	/home/nima/Developer/nullness-benchmarks/gson/gson/src/main/java/com/google/gson/internal/LinkedHashTreeMap.java	FIELD	com.google.gson.internal.LinkedHashTreeMap$Node	null	right	null	/home/nima/Developer/nullness-benchmarks/gson/gson/src/main/java/com/google/gson/internal/LinkedHashTreeMap.java
ASSIGN_FIELD_NULLABLE	assigning @Nullable expression to @NonNull field	com.google.gson.internal.LinkedHashTreeMap	removeInternal(com.google.gson.internal.LinkedHashTreeMap.Node,boolean)	9300	/home/nima/Developer/nullness-benchmarks/gson/gson/src/main/java/com/google/gson/internal/LinkedHashTreeMap.java	FIELD	com.google.gson.internal.LinkedHashTreeMap$Node	null	left	null	/home/nima/Developer/nullness-benchmarks/gson/gson/src/main/java/com/google/gson/internal/LinkedHashTreeMap.java
ASSIGN_FIELD_NULLABLE	assigning @Nullable expression to @NonNull field	com.google.gson.internal.LinkedHashTreeMap	removeInternal(com.google.gson.internal.LinkedHashTreeMap.Node,boolean)	9392	/home/nima/Developer/nullness-benchmarks/gson/gson/src/main/java/com/google/gson/internal/LinkedHashTreeMap.java	FIELD	com.google.gson.internal.LinkedHashTreeMap$Node	null	right	null	/home/nima/Developer/nullness-benchmarks/gson/gson/src/main/java/com/google/gson/internal/LinkedHashTreeMap.java
PASS_NULLABLE	passing @Nullable parameter 'null' where @NonNull is required	com.google.gson.internal.LinkedHashTreeMap	removeInternal(com.google.gson.internal.LinkedHashTreeMap.Node,boolean)	9430	/home/nima/Developer/nullness-benchmarks/gson/gson/src/main/java/com/google/gson/internal/LinkedHashTreeMap.java	PARAMETER	com.google.gson.internal.LinkedHashTreeMap	replaceInParent(com.google.gson.internal.LinkedHashTreeMap.Node,com.google.gson.internal.LinkedHashTreeMap.Node)	replacement	1	/home/nima/Developer/nullness-benchmarks/gson/gson/src/main/java/com/google/gson/internal/LinkedHashTreeMap.java
ASSIGN_FIELD_NULLABLE	assigning @Nullable expression to @NonNull field	com.google.gson.internal.LinkedHashTreeMap	replaceInParent(com.google.gson.internal.LinkedHashTreeMap.Node,com.google.gson.internal.LinkedHashTreeMap.Node)	9826	/home/nima/Developer/nullness-benchmarks/gson/gson/src/main/java/com/google/gson/internal/LinkedHashTreeMap.java	FIELD	com.google.gson.internal.LinkedHashTreeMap$Node	null	parent	null	/home/nima/Developer/nullness-benchmarks/gson/gson/src/main/java/com/google/gson/internal/LinkedHashTreeMap.java
METHOD_NO_INIT	initializer method does not guarantee @NonNull fields parent (line 468), left (line 469), right (line 470), value (line 475) are initialized along all control-flow paths (remember to check for exceptions or early returns).	com.google.gson.internal.LinkedHashTreeMap$Node	Node()	14794	/home/nima/Developer/nullness-benchmarks/gson/gson/src/main/java/com/google/gson/internal/LinkedHashTreeMap.java	null	null	null	null	null	null
METHOD_NO_INIT	initializer method does not guarantee @NonNull fields left (line 469), right (line 470), value (line 475) are initialized along all control-flow paths (remember to check for exceptions or early returns).	com.google.gson.internal.LinkedHashTreeMap$Node	Node(com.google.gson.internal.LinkedHashTreeMap.Node,K,int,com.google.gson.internal.LinkedHashTreeMap.Node,com.google.gson.internal.LinkedHashTreeMap.Node)	14909	/home/nima/Developer/nullness-benchmarks/gson/gson/src/main/java/com/google/gson/internal/LinkedHashTreeMap.java	null	null	null	null	null	null
ASSIGN_FIELD_NULLABLE	assigning @Nullable expression to @NonNull field	com.google.gson.internal.LinkedHashTreeMap$Node	Node()	14809	/home/nima/Developer/nullness-benchmarks/gson/gson/src/main/java/com/google/gson/internal/LinkedHashTreeMap.java	FIELD	com.google.gson.internal.LinkedHashTreeMap$Node	null	key	null	/home/nima/Developer/nullness-benchmarks/gson/gson/src/main/java/com/google/gson/internal/LinkedHashTreeMap.java
FIELD_NO_INIT	@NonNull field LinkedHashTreeMap$AvlIterator.stackTop not initialized	com.google.gson.internal.LinkedHashTreeMap$AvlIterator	stackTop	18954	/home/nima/Developer/nullness-benchmarks/gson/gson/src/main/java/com/google/gson/internal/LinkedHashTreeMap.java	FIELD	com.google.gson.internal.LinkedHashTreeMap$AvlIterator	null	stackTop	null	/home/nima/Developer/nullness-benchmarks/gson/gson/src/main/java/com/google/gson/internal/LinkedHashTreeMap.java
ASSIGN_FIELD_NULLABLE	assigning @Nullable expression to @NonNull field	com.google.gson.internal.LinkedHashTreeMap$AvlIterator	reset(com.google.gson.internal.LinkedHashTreeMap.Node)	19117	/home/nima/Developer/nullness-benchmarks/gson/gson/src/main/java/com/google/gson/internal/LinkedHashTreeMap.java	FIELD	com.google.gson.internal.LinkedHashTreeMap$Node	null	parent	null	/home/nima/Developer/nullness-benchmarks/gson/gson/src/main/java/com/google/gson/internal/LinkedHashTreeMap.java
ASSIGN_FIELD_NULLABLE	assigning @Nullable expression to @NonNull field	com.google.gson.internal.LinkedHashTreeMap$AvlIterator	reset(com.google.gson.internal.LinkedHashTreeMap.Node)	19189	/home/nima/Developer/nullness-benchmarks/gson/gson/src/main/java/com/google/gson/internal/LinkedHashTreeMap.java	FIELD	com.google.gson.internal.LinkedHashTreeMap$AvlIterator	null	stackTop	null	/home/nima/Developer/nullness-benchmarks/gson/gson/src/main/java/com/google/gson/internal/LinkedHashTreeMap.java
RETURN_NULLABLE	returning @Nullable expression from method with @NonNull return type	com.google.gson.internal.LinkedHashTreeMap$AvlIterator	next()	19334	/home/nima/Developer/nullness-benchmarks/gson/gson/src/main/java/com/google/gson/internal/LinkedHashTreeMap.java	METHOD	com.google.gson.internal.LinkedHashTreeMap$AvlIterator	next()	null	null	/home/nima/Developer/nullness-benchmarks/gson/gson/src/main/java/com/google/gson/internal/LinkedHashTreeMap.java
ASSIGN_FIELD_NULLABLE	assigning @Nullable expression to @NonNull field	com.google.gson.internal.LinkedHashTreeMap$AvlIterator	next()	19429	/home/nima/Developer/nullness-benchmarks/gson/gson/src/main/java/com/google/gson/internal/LinkedHashTreeMap.java	FIELD	com.google.gson.internal.LinkedHashTreeMap$Node	null	parent	null	/home/nima/Developer/nullness-benchmarks/gson/gson/src/main/java/com/google/gson/internal/LinkedHashTreeMap.java
FIELD_NO_INIT	@NonNull field LinkedHashTreeMap$AvlBuilder.stack not initialized	com.google.gson.internal.LinkedHashTreeMap$AvlBuilder	stack	20590	/home/nima/Developer/nullness-benchmarks/gson/gson/src/main/java/com/google/gson/internal/LinkedHashTreeMap.java	FIELD	com.google.gson.internal.LinkedHashTreeMap$AvlBuilder	null	stack	null	/home/nima/Developer/nullness-benchmarks/gson/gson/src/main/java/com/google/gson/internal/LinkedHashTreeMap.java
ASSIGN_FIELD_NULLABLE	assigning @Nullable expression to @NonNull field	com.google.gson.internal.LinkedHashTreeMap$AvlBuilder	reset(int)	20982	/home/nima/Developer/nullness-benchmarks/gson/gson/src/main/java/com/google/gson/internal/LinkedHashTreeMap.java	FIELD	com.google.gson.internal.LinkedHashTreeMap$AvlBuilder	null	stack	null	/home/nima/Developer/nullness-benchmarks/gson/gson/src/main/java/com/google/gson/internal/LinkedHashTreeMap.java
ASSIGN_FIELD_NULLABLE	assigning @Nullable expression to @NonNull field	com.google.gson.internal.LinkedHashTreeMap$AvlBuilder	add(com.google.gson.internal.LinkedHashTreeMap.Node)	21041	/home/nima/Developer/nullness-benchmarks/gson/gson/src/main/java/com/google/gson/internal/LinkedHashTreeMap.java	FIELD	com.google.gson.internal.LinkedHashTreeMap$Node	null	left	null	/home/nima/Developer/nullness-benchmarks/gson/gson/src/main/java/com/google/gson/internal/LinkedHashTreeMap.java
ASSIGN_FIELD_NULLABLE	assigning @Nullable expression to @NonNull field	com.google.gson.internal.LinkedHashTreeMap$AvlBuilder	add(com.google.gson.internal.LinkedHashTreeMap.Node)	21053	/home/nima/Developer/nullness-benchmarks/gson/gson/src/main/java/com/google/gson/internal/LinkedHashTreeMap.java	FIELD	com.google.gson.internal.LinkedHashTreeMap$Node	null	parent	null	/home/nima/Developer/nullness-benchmarks/gson/gson/src/main/java/com/google/gson/internal/LinkedHashTreeMap.java
ASSIGN_FIELD_NULLABLE	assigning @Nullable expression to @NonNull field	com.google.gson.internal.LinkedHashTreeMap$AvlBuilder	add(com.google.gson.internal.LinkedHashTreeMap.Node)	21067	/home/nima/Developer/nullness-benchmarks/gson/gson/src/main/java/com/google/gson/internal/LinkedHashTreeMap.java	FIELD	com.google.gson.internal.LinkedHashTreeMap$Node	null	right	null	/home/nima/Developer/nullness-benchmarks/gson/gson/src/main/java/com/google/gson/internal/LinkedHashTreeMap.java
ASSIGN_FIELD_NULLABLE	assigning @Nullable expression to @NonNull field	com.google.gson.internal.LinkedHashTreeMap$LinkedTreeMapIterator	lastReturned	23586	/home/nima/Developer/nullness-benchmarks/gson/gson/src/main/java/com/google/gson/internal/LinkedHashTreeMap.java	FIELD	com.google.gson.internal.LinkedHashTreeMap$LinkedTreeMapIterator	null	lastReturned	null	/home/nima/Developer/nullness-benchmarks/gson/gson/src/main/java/com/google/gson/internal/LinkedHashTreeMap.java
ASSIGN_FIELD_NULLABLE	assigning @Nullable expression to @NonNull field	com.google.gson.internal.LinkedHashTreeMap$LinkedTreeMapIterator	remove()	24232	/home/nima/Developer/nullness-benchmarks/gson/gson/src/main/java/com/google/gson/internal/LinkedHashTreeMap.java	FIELD	com.google.gson.internal.LinkedHashTreeMap$LinkedTreeMapIterator	null	lastReturned	null	/home/nima/Developer/nullness-benchmarks/gson/gson/src/main/java/com/google/gson/internal/LinkedHashTreeMap.java
FIELD_NO_INIT	@NonNull field Streams$AppendableWriter$CurrentWrite.chars not initialized	com.google.gson.internal.Streams$AppendableWriter$CurrentWrite	chars	3415	/home/nima/Developer/nullness-benchmarks/gson/gson/src/main/java/com/google/gson/internal/Streams.java	FIELD	com.google.gson.internal.Streams$AppendableWriter$CurrentWrite	null	chars	null	/home/nima/Developer/nullness-benchmarks/gson/gson/src/main/java/com/google/gson/internal/Streams.java
FIELD_NO_INIT	@NonNull static field unsafeClass not initialized	com.google.gson.internal.reflect.UnsafeReflectionAccessor	unsafeClass	1171	/home/nima/Developer/nullness-benchmarks/gson/gson/src/main/java/com/google/gson/internal/reflect/UnsafeReflectionAccessor.java	FIELD	com.google.gson.internal.reflect.UnsafeReflectionAccessor	null	unsafeClass	null	/home/nima/Developer/nullness-benchmarks/gson/gson/src/main/java/com/google/gson/internal/reflect/UnsafeReflectionAccessor.java
RETURN_NULLABLE	returning @Nullable expression from method with @NonNull return type	com.google.gson.internal.reflect.UnsafeReflectionAccessor	getUnsafeInstance()	2894	/home/nima/Developer/nullness-benchmarks/gson/gson/src/main/java/com/google/gson/internal/reflect/UnsafeReflectionAccessor.java	METHOD	com.google.gson.internal.reflect.UnsafeReflectionAccessor	getUnsafeInstance()	null	null	/home/nima/Developer/nullness-benchmarks/gson/gson/src/main/java/com/google/gson/internal/reflect/UnsafeReflectionAccessor.java
RETURN_NULLABLE	returning @Nullable expression from method with @NonNull return type	com.google.gson.internal.reflect.UnsafeReflectionAccessor	getOverrideField()	3083	/home/nima/Developer/nullness-benchmarks/gson/gson/src/main/java/com/google/gson/internal/reflect/UnsafeReflectionAccessor.java	METHOD	com.google.gson.internal.reflect.UnsafeReflectionAccessor	getOverrideField()	null	null	/home/nima/Developer/nullness-benchmarks/gson/gson/src/main/java/com/google/gson/internal/reflect/UnsafeReflectionAccessor.java
RETURN_NULLABLE	returning @Nullable expression from method with @NonNull return type	com.google.gson.internal.$Gson$Types	declaringClassOf(java.lang.reflect.TypeVariable)	16742	/home/nima/Developer/nullness-benchmarks/gson/gson/src/main/java/com/google/gson/internal/$Gson$Types.java	METHOD	com.google.gson.internal.$Gson$Types	declaringClassOf(java.lang.reflect.TypeVariable)	null	null	/home/nima/Developer/nullness-benchmarks/gson/gson/src/main/java/com/google/gson/internal/$Gson$Types.java
ASSIGN_FIELD_NULLABLE	assigning @Nullable expression to @NonNull field	com.google.gson.internal.$Gson$Types$ParameterizedTypeImpl	ParameterizedTypeImpl(java.lang.reflect.Type,java.lang.reflect.Type,java.lang.reflect.Type[])	17656	/home/nima/Developer/nullness-benchmarks/gson/gson/src/main/java/com/google/gson/internal/$Gson$Types.java	FIELD	com.google.gson.internal.$Gson$Types$ParameterizedTypeImpl	null	ownerType	null	/home/nima/Developer/nullness-benchmarks/gson/gson/src/main/java/com/google/gson/internal/$Gson$Types.java
ASSIGN_FIELD_NULLABLE	assigning @Nullable expression to @NonNull field	com.google.gson.internal.$Gson$Types$WildcardTypeImpl	WildcardTypeImpl(java.lang.reflect.Type[],java.lang.reflect.Type[])	20851	/home/nima/Developer/nullness-benchmarks/gson/gson/src/main/java/com/google/gson/internal/$Gson$Types.java	FIELD	com.google.gson.internal.$Gson$Types$WildcardTypeImpl	null	lowerBound	null	/home/nima/Developer/nullness-benchmarks/gson/gson/src/main/java/com/google/gson/internal/$Gson$Types.java
METHOD_NO_INIT	initializer method does not guarantee @NonNull field pendingName (line 52) is initialized along all control-flow paths (remember to check for exceptions or early returns).	com.google.gson.internal.bind.JsonTreeWriter	JsonTreeWriter()	2057	/home/nima/Developer/nullness-benchmarks/gson/gson/src/main/java/com/google/gson/internal/bind/JsonTreeWriter.java	null	null	null	null	null	null
ASSIGN_FIELD_NULLABLE	assigning @Nullable expression to @NonNull field	com.google.gson.internal.bind.JsonTreeWriter	put(com.google.gson.JsonElement)	2668	/home/nima/Developer/nullness-benchmarks/gson/gson/src/main/java/com/google/gson/internal/bind/JsonTreeWriter.java	FIELD	com.google.gson.internal.bind.JsonTreeWriter	null	pendingName	null	/home/nima/Developer/nullness-benchmarks/gson/gson/src/main/java/com/google/gson/internal/bind/JsonTreeWriter.java
RETURN_NULLABLE	returning @Nullable expression from method with @NonNull return type	com.google.gson.internal.bind.DateTypeAdapter$1	create(com.google.gson.Gson,com.google.gson.reflect.TypeToken)	1940	/home/nima/Developer/nullness-benchmarks/gson/gson/src/main/java/com/google/gson/internal/bind/DateTypeAdapter.java	METHOD	com.google.gson.internal.bind.DateTypeAdapter$1	create(com.google.gson.Gson,com.google.gson.reflect.TypeToken)	null	null	/home/nima/Developer/nullness-benchmarks/gson/gson/src/main/java/com/google/gson/internal/bind/DateTypeAdapter.java
RETURN_NULLABLE	returning @Nullable expression from method with @NonNull return type	com.google.gson.internal.bind.DateTypeAdapter	read(com.google.gson.stream.JsonReader)	2871	/home/nima/Developer/nullness-benchmarks/gson/gson/src/main/java/com/google/gson/internal/bind/DateTypeAdapter.java	METHOD	com.google.gson.internal.bind.DateTypeAdapter	read(com.google.gson.stream.JsonReader)	null	null	/home/nima/Developer/nullness-benchmarks/gson/gson/src/main/java/com/google/gson/internal/bind/DateTypeAdapter.java
RETURN_NULLABLE	returning @Nullable expression from method with @NonNull return type	com.google.gson.internal.bind.TimeTypeAdapter$1	create(com.google.gson.Gson,com.google.gson.reflect.TypeToken)	1727	/home/nima/Developer/nullness-benchmarks/gson/gson/src/main/java/com/google/gson/internal/bind/TimeTypeAdapter.java	METHOD	com.google.gson.internal.bind.TimeTypeAdapter$1	create(com.google.gson.Gson,com.google.gson.reflect.TypeToken)	null	null	/home/nima/Developer/nullness-benchmarks/gson/gson/src/main/java/com/google/gson/internal/bind/TimeTypeAdapter.java
RETURN_NULLABLE	returning @Nullable expression from method with @NonNull return type	com.google.gson.internal.bind.TimeTypeAdapter	read(com.google.gson.stream.JsonReader)	2049	/home/nima/Developer/nullness-benchmarks/gson/gson/src/main/java/com/google/gson/internal/bind/TimeTypeAdapter.java	METHOD	com.google.gson.internal.bind.TimeTypeAdapter	read(com.google.gson.stream.JsonReader)	null	null	/home/nima/Developer/nullness-benchmarks/gson/gson/src/main/java/com/google/gson/internal/bind/TimeTypeAdapter.java
PASS_NULLABLE	passing @Nullable parameter 'value == null ? null : format.format(value)' where @NonNull is required	com.google.gson.internal.bind.TimeTypeAdapter	write(com.google.gson.stream.JsonWriter,java.sql.Time)	2346	/home/nima/Developer/nullness-benchmarks/gson/gson/src/main/java/com/google/gson/internal/bind/TimeTypeAdapter.java	PARAMETER	com.google.gson.stream.JsonWriter	value(java.lang.String)	value	0	/home/nima/Developer/nullness-benchmarks/gson/gson/src/main/java/com/google/gson/stream/JsonWriter.java
RETURN_NULLABLE	returning @Nullable expression from method with @NonNull return type	com.google.gson.internal.bind.ReflectiveTypeAdapterFactory	create(com.google.gson.Gson,com.google.gson.reflect.TypeToken)	3704	/home/nima/Developer/nullness-benchmarks/gson/gson/src/main/java/com/google/gson/internal/bind/ReflectiveTypeAdapterFactory.java	METHOD	com.google.gson.internal.bind.ReflectiveTypeAdapterFactory	create(com.google.gson.Gson,com.google.gson.reflect.TypeToken)	null	null	/home/nima/Developer/nullness-benchmarks/gson/gson/src/main/java/com/google/gson/internal/bind/ReflectiveTypeAdapterFactory.java
RETURN_NULLABLE	returning @Nullable expression from method with @NonNull return type	com.google.gson.internal.bind.ReflectiveTypeAdapterFactory$Adapter	read(com.google.gson.stream.JsonReader)	8452	/home/nima/Developer/nullness-benchmarks/gson/gson/src/main/java/com/google/gson/internal/bind/ReflectiveTypeAdapterFactory.java	METHOD	com.google.gson.internal.bind.ReflectiveTypeAdapterFactory$Adapter	read(com.google.gson.stream.JsonReader)	null	null	/home/nima/Developer/nullness-benchmarks/gson/gson/src/main/java/com/google/gson/internal/bind/ReflectiveTypeAdapterFactory.java
RETURN_NULLABLE	returning @Nullable expression from method with @NonNull return type	com.google.gson.internal.bind.ObjectTypeAdapter$1	create(com.google.gson.Gson,com.google.gson.reflect.TypeToken)	1588	/home/nima/Developer/nullness-benchmarks/gson/gson/src/main/java/com/google/gson/internal/bind/ObjectTypeAdapter.java	METHOD	com.google.gson.internal.bind.ObjectTypeAdapter$1	create(com.google.gson.Gson,com.google.gson.reflect.TypeToken)	null	null	/home/nima/Developer/nullness-benchmarks/gson/gson/src/main/java/com/google/gson/internal/bind/ObjectTypeAdapter.java
RETURN_NULLABLE	returning @Nullable expression from method with @NonNull return type	com.google.gson.internal.bind.ObjectTypeAdapter	read(com.google.gson.stream.JsonReader)	2448	/home/nima/Developer/nullness-benchmarks/gson/gson/src/main/java/com/google/gson/internal/bind/ObjectTypeAdapter.java	METHOD	com.google.gson.internal.bind.ObjectTypeAdapter	read(com.google.gson.stream.JsonReader)	null	null	/home/nima/Developer/nullness-benchmarks/gson/gson/src/main/java/com/google/gson/internal/bind/ObjectTypeAdapter.java
RETURN_NULLABLE	returning @Nullable expression from method with @NonNull return type	com.google.gson.internal.bind.CollectionTypeAdapterFactory	create(com.google.gson.Gson,com.google.gson.reflect.TypeToken)	1743	/home/nima/Developer/nullness-benchmarks/gson/gson/src/main/java/com/google/gson/internal/bind/CollectionTypeAdapterFactory.java	METHOD	com.google.gson.internal.bind.CollectionTypeAdapterFactory	create(com.google.gson.Gson,com.google.gson.reflect.TypeToken)	null	null	/home/nima/Developer/nullness-benchmarks/gson/gson/src/main/java/com/google/gson/internal/bind/CollectionTypeAdapterFactory.java
RETURN_NULLABLE	returning @Nullable expression from method with @NonNull return type	com.google.gson.internal.bind.CollectionTypeAdapterFactory$Adapter	read(com.google.gson.stream.JsonReader)	2893	/home/nima/Developer/nullness-benchmarks/gson/gson/src/main/java/com/google/gson/internal/bind/CollectionTypeAdapterFactory.java	METHOD	com.google.gson.internal.bind.CollectionTypeAdapterFactory$Adapter	read(com.google.gson.stream.JsonReader)	null	null	/home/nima/Developer/nullness-benchmarks/gson/gson/src/main/java/com/google/gson/internal/bind/CollectionTypeAdapterFactory.java
RETURN_NULLABLE	returning @Nullable expression from method with @NonNull return type	com.google.gson.internal.bind.MapTypeAdapterFactory	create(com.google.gson.Gson,com.google.gson.reflect.TypeToken)	4518	/home/nima/Developer/nullness-benchmarks/gson/gson/src/main/java/com/google/gson/internal/bind/MapTypeAdapterFactory.java	METHOD	com.google.gson.internal.bind.MapTypeAdapterFactory	create(com.google.gson.Gson,com.google.gson.reflect.TypeToken)	null	null	/home/nima/Developer/nullness-benchmarks/gson/gson/src/main/java/com/google/gson/internal/bind/MapTypeAdapterFactory.java
RETURN_NULLABLE	returning @Nullable expression from method with @NonNull return type	com.google.gson.internal.bind.MapTypeAdapterFactory$Adapter	read(com.google.gson.stream.JsonReader)	6385	/home/nima/Developer/nullness-benchmarks/gson/gson/src/main/java/com/google/gson/internal/bind/MapTypeAdapterFactory.java	METHOD	com.google.gson.internal.bind.MapTypeAdapterFactory$Adapter	read(com.google.gson.stream.JsonReader)	null	null	/home/nima/Developer/nullness-benchmarks/gson/gson/src/main/java/com/google/gson/internal/bind/MapTypeAdapterFactory.java
RETURN_NULLABLE	returning @Nullable expression from method with @NonNull return type	com.google.gson.internal.bind.SqlDateTypeAdapter$1	create(com.google.gson.Gson,com.google.gson.reflect.TypeToken)	1703	/home/nima/Developer/nullness-benchmarks/gson/gson/src/main/java/com/google/gson/internal/bind/SqlDateTypeAdapter.java	METHOD	com.google.gson.internal.bind.SqlDateTypeAdapter$1	create(com.google.gson.Gson,com.google.gson.reflect.TypeToken)	null	null	/home/nima/Developer/nullness-benchmarks/gson/gson/src/main/java/com/google/gson/internal/bind/SqlDateTypeAdapter.java
RETURN_NULLABLE	returning @Nullable expression from method with @NonNull return type	com.google.gson.internal.bind.SqlDateTypeAdapter	read(com.google.gson.stream.JsonReader)	2059	/home/nima/Developer/nullness-benchmarks/gson/gson/src/main/java/com/google/gson/internal/bind/SqlDateTypeAdapter.java	METHOD	com.google.gson.internal.bind.SqlDateTypeAdapter	read(com.google.gson.stream.JsonReader)	null	null	/home/nima/Developer/nullness-benchmarks/gson/gson/src/main/java/com/google/gson/internal/bind/SqlDateTypeAdapter.java
PASS_NULLABLE	passing @Nullable parameter 'value == null ? null : format.format(value)' where @NonNull is required	com.google.gson.internal.bind.SqlDateTypeAdapter	write(com.google.gson.stream.JsonWriter,java.sql.Date)	2390	/home/nima/Developer/nullness-benchmarks/gson/gson/src/main/java/com/google/gson/internal/bind/SqlDateTypeAdapter.java	PARAMETER	com.google.gson.stream.JsonWriter	value(java.lang.String)	value	0	/home/nima/Developer/nullness-benchmarks/gson/gson/src/main/java/com/google/gson/stream/JsonWriter.java
RETURN_NULLABLE	returning @Nullable expression from method with @NonNull return type	com.google.gson.internal.bind.TypeAdapters$3	read(com.google.gson.stream.JsonReader)	4585	/home/nima/Developer/nullness-benchmarks/gson/gson/src/main/java/com/google/gson/internal/bind/TypeAdapters.java	METHOD	com.google.gson.internal.bind.TypeAdapters$3	read(com.google.gson.stream.JsonReader)	null	null	/home/nima/Developer/nullness-benchmarks/gson/gson/src/main/java/com/google/gson/internal/bind/TypeAdapters.java
RETURN_NULLABLE	returning @Nullable expression from method with @NonNull return type	com.google.gson.internal.bind.TypeAdapters$4	read(com.google.gson.stream.JsonReader)	5275	/home/nima/Developer/nullness-benchmarks/gson/gson/src/main/java/com/google/gson/internal/bind/TypeAdapters.java	METHOD	com.google.gson.internal.bind.TypeAdapters$4	read(com.google.gson.stream.JsonReader)	null	null	/home/nima/Developer/nullness-benchmarks/gson/gson/src/main/java/com/google/gson/internal/bind/TypeAdapters.java
RETURN_NULLABLE	returning @Nullable expression from method with @NonNull return type	com.google.gson.internal.bind.TypeAdapters$5	read(com.google.gson.stream.JsonReader)	5845	/home/nima/Developer/nullness-benchmarks/gson/gson/src/main/java/com/google/gson/internal/bind/TypeAdapters.java	METHOD	com.google.gson.internal.bind.TypeAdapters$5	read(com.google.gson.stream.JsonReader)	null	null	/home/nima/Developer/nullness-benchmarks/gson/gson/src/main/java/com/google/gson/internal/bind/TypeAdapters.java
RETURN_NULLABLE	returning @Nullable expression from method with @NonNull return type	com.google.gson.internal.bind.TypeAdapters$6	read(com.google.gson.stream.JsonReader)	6496	/home/nima/Developer/nullness-benchmarks/gson/gson/src/main/java/com/google/gson/internal/bind/TypeAdapters.java	METHOD	com.google.gson.internal.bind.TypeAdapters$6	read(com.google.gson.stream.JsonReader)	null	null	/home/nima/Developer/nullness-benchmarks/gson/gson/src/main/java/com/google/gson/internal/bind/TypeAdapters.java
RETURN_NULLABLE	returning @Nullable expression from method with @NonNull return type	com.google.gson.internal.bind.TypeAdapters$7	read(com.google.gson.stream.JsonReader)	7121	/home/nima/Developer/nullness-benchmarks/gson/gson/src/main/java/com/google/gson/internal/bind/TypeAdapters.java	METHOD	com.google.gson.internal.bind.TypeAdapters$7	read(com.google.gson.stream.JsonReader)	null	null	/home/nima/Developer/nullness-benchmarks/gson/gson/src/main/java/com/google/gson/internal/bind/TypeAdapters.java
RETURN_NULLABLE	returning @Nullable expression from method with @NonNull return type	com.google.gson.internal.bind.TypeAdapters$11	read(com.google.gson.stream.JsonReader)	10034	/home/nima/Developer/nullness-benchmarks/gson/gson/src/main/java/com/google/gson/internal/bind/TypeAdapters.java	METHOD	com.google.gson.internal.bind.TypeAdapters$11	read(com.google.gson.stream.JsonReader)	null	null	/home/nima/Developer/nullness-benchmarks/gson/gson/src/main/java/com/google/gson/internal/bind/TypeAdapters.java
RETURN_NULLABLE	returning @Nullable expression from method with @NonNull return type	com.google.gson.internal.bind.TypeAdapters$12	read(com.google.gson.stream.JsonReader)	10541	/home/nima/Developer/nullness-benchmarks/gson/gson/src/main/java/com/google/gson/internal/bind/TypeAdapters.java	METHOD	com.google.gson.internal.bind.TypeAdapters$12	read(com.google.gson.stream.JsonReader)	null	null	/home/nima/Developer/nullness-benchmarks/gson/gson/src/main/java/com/google/gson/internal/bind/TypeAdapters.java
RETURN_NULLABLE	returning @Nullable expression from method with @NonNull return type	com.google.gson.internal.bind.TypeAdapters$13	read(com.google.gson.stream.JsonReader)	10953	/home/nima/Developer/nullness-benchmarks/gson/gson/src/main/java/com/google/gson/internal/bind/TypeAdapters.java	METHOD	com.google.gson.internal.bind.TypeAdapters$13	read(com.google.gson.stream.JsonReader)	null	null	/home/nima/Developer/nullness-benchmarks/gson/gson/src/main/java/com/google/gson/internal/bind/TypeAdapters.java
RETURN_NULLABLE	returning @Nullable expression from method with @NonNull return type	com.google.gson.internal.bind.TypeAdapters$14	read(com.google.gson.stream.JsonReader)	11399	/home/nima/Developer/nullness-benchmarks/gson/gson/src/main/java/com/google/gson/internal/bind/TypeAdapters.java	METHOD	com.google.gson.internal.bind.TypeAdapters$14	read(com.google.gson.stream.JsonReader)	null	null	/home/nima/Developer/nullness-benchmarks/gson/gson/src/main/java/com/google/gson/internal/bind/TypeAdapters.java
RETURN_NULLABLE	returning @Nullable expression from method with @NonNull return type	com.google.gson.internal.bind.TypeAdapters$15	read(com.google.gson.stream.JsonReader)	12065	/home/nima/Developer/nullness-benchmarks/gson/gson/src/main/java/com/google/gson/internal/bind/TypeAdapters.java	METHOD	com.google.gson.internal.bind.TypeAdapters$15	read(com.google.gson.stream.JsonReader)	null	null	/home/nima/Developer/nullness-benchmarks/gson/gson/src/main/java/com/google/gson/internal/bind/TypeAdapters.java
PASS_NULLABLE	passing @Nullable parameter 'value == null ? null : String.valueOf(value)' where @NonNull is required	com.google.gson.internal.bind.TypeAdapters$15	write(com.google.gson.stream.JsonWriter,java.lang.Character)	12366	/home/nima/Developer/nullness-benchmarks/gson/gson/src/main/java/com/google/gson/internal/bind/TypeAdapters.java	PARAMETER	com.google.gson.stream.JsonWriter	value(java.lang.String)	value	0	/home/nima/Developer/nullness-benchmarks/gson/gson/src/main/java/com/google/gson/stream/JsonWriter.java
RETURN_NULLABLE	returning @Nullable expression from method with @NonNull return type	com.google.gson.internal.bind.TypeAdapters$16	read(com.google.gson.stream.JsonReader)	12808	/home/nima/Developer/nullness-benchmarks/gson/gson/src/main/java/com/google/gson/internal/bind/TypeAdapters.java	METHOD	com.google.gson.internal.bind.TypeAdapters$16	read(com.google.gson.stream.JsonReader)	null	null	/home/nima/Developer/nullness-benchmarks/gson/gson/src/main/java/com/google/gson/internal/bind/TypeAdapters.java
RETURN_NULLABLE	returning @Nullable expression from method with @NonNull return type	com.google.gson.internal.bind.TypeAdapters$17	read(com.google.gson.stream.JsonReader)	13392	/home/nima/Developer/nullness-benchmarks/gson/gson/src/main/java/com/google/gson/internal/bind/TypeAdapters.java	METHOD	com.google.gson.internal.bind.TypeAdapters$17	read(com.google.gson.stream.JsonReader)	null	null	/home/nima/Developer/nullness-benchmarks/gson/gson/src/main/java/com/google/gson/internal/bind/TypeAdapters.java
RETURN_NULLABLE	returning @Nullable expression from method with @NonNull return type	com.google.gson.internal.bind.TypeAdapters$18	read(com.google.gson.stream.JsonReader)	13934	/home/nima/Developer/nullness-benchmarks/gson/gson/src/main/java/com/google/gson/internal/bind/TypeAdapters.java	METHOD	com.google.gson.internal.bind.TypeAdapters$18	read(com.google.gson.stream.JsonReader)	null	null	/home/nima/Developer/nullness-benchmarks/gson/gson/src/main/java/com/google/gson/internal/bind/TypeAdapters.java
RETURN_NULLABLE	returning @Nullable expression from method with @NonNull return type	com.google.gson.internal.bind.TypeAdapters$19	read(com.google.gson.stream.JsonReader)	14583	/home/nima/Developer/nullness-benchmarks/gson/gson/src/main/java/com/google/gson/internal/bind/TypeAdapters.java	METHOD	com.google.gson.internal.bind.TypeAdapters$19	read(com.google.gson.stream.JsonReader)	null	null	/home/nima/Developer/nullness-benchmarks/gson/gson/src/main/java/com/google/gson/internal/bind/TypeAdapters.java
PASS_NULLABLE	passing @Nullable parameter 'value == null ? null : value.toString()' where @NonNull is required	com.google.gson.internal.bind.TypeAdapters$19	write(com.google.gson.stream.JsonWriter,java.lang.StringBuilder)	14759	/home/nima/Developer/nullness-benchmarks/gson/gson/src/main/java/com/google/gson/internal/bind/TypeAdapters.java	PARAMETER	com.google.gson.stream.JsonWriter	value(java.lang.String)	value	0	/home/nima/Developer/nullness-benchmarks/gson/gson/src/main/java/com/google/gson/stream/JsonWriter.java
RETURN_NULLABLE	returning @Nullable expression from method with @NonNull return type	com.google.gson.internal.bind.TypeAdapters$20	read(com.google.gson.stream.JsonReader)	15192	/home/nima/Developer/nullness-benchmarks/gson/gson/src/main/java/com/google/gson/internal/bind/TypeAdapters.java	METHOD	com.google.gson.internal.bind.TypeAdapters$20	read(com.google.gson.stream.JsonReader)	null	null	/home/nima/Developer/nullness-benchmarks/gson/gson/src/main/java/com/google/gson/internal/bind/TypeAdapters.java
PASS_NULLABLE	passing @Nullable parameter 'value == null ? null : value.toString()' where @NonNull is required	com.google.gson.internal.bind.TypeAdapters$20	write(com.google.gson.stream.JsonWriter,java.lang.StringBuffer)	15366	/home/nima/Developer/nullness-benchmarks/gson/gson/src/main/java/com/google/gson/internal/bind/TypeAdapters.java	PARAMETER	com.google.gson.stream.JsonWriter	value(java.lang.String)	value	0	/home/nima/Developer/nullness-benchmarks/gson/gson/src/main/java/com/google/gson/stream/JsonWriter.java
RETURN_NULLABLE	returning @Nullable expression from method with @NonNull return type	com.google.gson.internal.bind.TypeAdapters$21	read(com.google.gson.stream.JsonReader)	15759	/home/nima/Developer/nullness-benchmarks/gson/gson/src/main/java/com/google/gson/internal/bind/TypeAdapters.java	METHOD	com.google.gson.internal.bind.TypeAdapters$21	read(com.google.gson.stream.JsonReader)	null	null	/home/nima/Developer/nullness-benchmarks/gson/gson/src/main/java/com/google/gson/internal/bind/TypeAdapters.java
RETURN_NULLABLE	returning @Nullable expression from method with @NonNull return type	com.google.gson.internal.bind.TypeAdapters$21	read(com.google.gson.stream.JsonReader)	15829	/home/nima/Developer/nullness-benchmarks/gson/gson/src/main/java/com/google/gson/internal/bind/TypeAdapters.java	METHOD	com.google.gson.internal.bind.TypeAdapters$21	read(com.google.gson.stream.JsonReader)	null	null	/home/nima/Developer/nullness-benchmarks/gson/gson/src/main/java/com/google/gson/internal/bind/TypeAdapters.java
PASS_NULLABLE	passing @Nullable parameter 'value == null ? null : value.toExternalForm()' where @NonNull is required	com.google.gson.internal.bind.TypeAdapters$21	write(com.google.gson.stream.JsonWriter,java.net.URL)	15988	/home/nima/Developer/nullness-benchmarks/gson/gson/src/main/java/com/google/gson/internal/bind/TypeAdapters.java	PARAMETER	com.google.gson.stream.JsonWriter	value(java.lang.String)	value	0	/home/nima/Developer/nullness-benchmarks/gson/gson/src/main/java/com/google/gson/stream/JsonWriter.java
RETURN_NULLABLE	returning @Nullable expression from method with @NonNull return type	com.google.gson.internal.bind.TypeAdapters$22	read(com.google.gson.stream.JsonReader)	16354	/home/nima/Developer/nullness-benchmarks/gson/gson/src/main/java/com/google/gson/internal/bind/TypeAdapters.java	METHOD	com.google.gson.internal.bind.TypeAdapters$22	read(com.google.gson.stream.JsonReader)	null	null	/home/nima/Developer/nullness-benchmarks/gson/gson/src/main/java/com/google/gson/internal/bind/TypeAdapters.java
RETURN_NULLABLE	returning @Nullable expression from method with @NonNull return type	com.google.gson.internal.bind.TypeAdapters$22	read(com.google.gson.stream.JsonReader)	16440	/home/nima/Developer/nullness-benchmarks/gson/gson/src/main/java/com/google/gson/internal/bind/TypeAdapters.java	METHOD	com.google.gson.internal.bind.TypeAdapters$22	read(com.google.gson.stream.JsonReader)	null	null	/home/nima/Developer/nullness-benchmarks/gson/gson/src/main/java/com/google/gson/internal/bind/TypeAdapters.java
PASS_NULLABLE	passing @Nullable parameter 'value == null ? null : value.toASCIIString()' where @NonNull is required	com.google.gson.internal.bind.TypeAdapters$22	write(com.google.gson.stream.JsonWriter,java.net.URI)	16684	/home/nima/Developer/nullness-benchmarks/gson/gson/src/main/java/com/google/gson/internal/bind/TypeAdapters.java	PARAMETER	com.google.gson.stream.JsonWriter	value(java.lang.String)	value	0	/home/nima/Developer/nullness-benchmarks/gson/gson/src/main/java/com/google/gson/stream/JsonWriter.java
RETURN_NULLABLE	returning @Nullable expression from method with @NonNull return type	com.google.gson.internal.bind.TypeAdapters$23	read(com.google.gson.stream.JsonReader)	17082	/home/nima/Developer/nullness-benchmarks/gson/gson/src/main/java/com/google/gson/internal/bind/TypeAdapters.java	METHOD	com.google.gson.internal.bind.TypeAdapters$23	read(com.google.gson.stream.JsonReader)	null	null	/home/nima/Developer/nullness-benchmarks/gson/gson/src/main/java/com/google/gson/internal/bind/TypeAdapters.java
PASS_NULLABLE	passing @Nullable parameter 'value == null ? null : value.getHostAddress()' where @NonNull is required	com.google.gson.internal.bind.TypeAdapters$23	write(com.google.gson.stream.JsonWriter,java.net.InetAddress)	17348	/home/nima/Developer/nullness-benchmarks/gson/gson/src/main/java/com/google/gson/internal/bind/TypeAdapters.java	PARAMETER	com.google.gson.stream.JsonWriter	value(java.lang.String)	value	0	/home/nima/Developer/nullness-benchmarks/gson/gson/src/main/java/com/google/gson/stream/JsonWriter.java
RETURN_NULLABLE	returning @Nullable expression from method with @NonNull return type	com.google.gson.internal.bind.TypeAdapters$24	read(com.google.gson.stream.JsonReader)	17761	/home/nima/Developer/nullness-benchmarks/gson/gson/src/main/java/com/google/gson/internal/bind/TypeAdapters.java	METHOD	com.google.gson.internal.bind.TypeAdapters$24	read(com.google.gson.stream.JsonReader)	null	null	/home/nima/Developer/nullness-benchmarks/gson/gson/src/main/java/com/google/gson/internal/bind/TypeAdapters.java
PASS_NULLABLE	passing @Nullable parameter 'value == null ? null : value.toString()' where @NonNull is required	com.google.gson.internal.bind.TypeAdapters$24	write(com.google.gson.stream.JsonWriter,java.util.UUID)	17936	/home/nima/Developer/nullness-benchmarks/gson/gson/src/main/java/com/google/gson/internal/bind/TypeAdapters.java	PARAMETER	com.google.gson.stream.JsonWriter	value(java.lang.String)	value	0	/home/nima/Developer/nullness-benchmarks/gson/gson/src/main/java/com/google/gson/stream/JsonWriter.java
RETURN_NULLABLE	returning @Nullable expression from method with @NonNull return type	com.google.gson.internal.bind.TypeAdapters$26	create(com.google.gson.Gson,com.google.gson.reflect.TypeToken)	18881	/home/nima/Developer/nullness-benchmarks/gson/gson/src/main/java/com/google/gson/internal/bind/TypeAdapters.java	METHOD	com.google.gson.internal.bind.TypeAdapters$26	create(com.google.gson.Gson,com.google.gson.reflect.TypeToken)	null	null	/home/nima/Developer/nullness-benchmarks/gson/gson/src/main/java/com/google/gson/internal/bind/TypeAdapters.java
RETURN_NULLABLE	returning @Nullable expression from method with @NonNull return type	com.google.gson.internal.bind.TypeAdapters$26$1	read(com.google.gson.stream.JsonReader)	19175	/home/nima/Developer/nullness-benchmarks/gson/gson/src/main/java/com/google/gson/internal/bind/TypeAdapters.java	METHOD	com.google.gson.internal.bind.TypeAdapters$26$1	read(com.google.gson.stream.JsonReader)	null	null	/home/nima/Developer/nullness-benchmarks/gson/gson/src/main/java/com/google/gson/internal/bind/TypeAdapters.java
RETURN_NULLABLE	returning @Nullable expression from method with @NonNull return type	com.google.gson.internal.bind.TypeAdapters$27	read(com.google.gson.stream.JsonReader)	19963	/home/nima/Developer/nullness-benchmarks/gson/gson/src/main/java/com/google/gson/internal/bind/TypeAdapters.java	METHOD	com.google.gson.internal.bind.TypeAdapters$27	read(com.google.gson.stream.JsonReader)	null	null	/home/nima/Developer/nullness-benchmarks/gson/gson/src/main/java/com/google/gson/internal/bind/TypeAdapters.java
RETURN_NULLABLE	returning @Nullable expression from method with @NonNull return type	com.google.gson.internal.bind.TypeAdapters$28	read(com.google.gson.stream.JsonReader)	21837	/home/nima/Developer/nullness-benchmarks/gson/gson/src/main/java/com/google/gson/internal/bind/TypeAdapters.java	METHOD	com.google.gson.internal.bind.TypeAdapters$28	read(com.google.gson.stream.JsonReader)	null	null	/home/nima/Developer/nullness-benchmarks/gson/gson/src/main/java/com/google/gson/internal/bind/TypeAdapters.java
PASS_NULLABLE	passing @Nullable parameter 'value == null ? null : value.toString()' where @NonNull is required	com.google.gson.internal.bind.TypeAdapters$28	write(com.google.gson.stream.JsonWriter,java.util.Locale)	22668	/home/nima/Developer/nullness-benchmarks/gson/gson/src/main/java/com/google/gson/internal/bind/TypeAdapters.java	PARAMETER	com.google.gson.stream.JsonWriter	value(java.lang.String)	value	0	/home/nima/Developer/nullness-benchmarks/gson/gson/src/main/java/com/google/gson/stream/JsonWriter.java
RETURN_NULLABLE	returning @Nullable expression from method with @NonNull return type	com.google.gson.internal.bind.TypeAdapters$EnumTypeAdapter	read(com.google.gson.stream.JsonReader)	26214	/home/nima/Developer/nullness-benchmarks/gson/gson/src/main/java/com/google/gson/internal/bind/TypeAdapters.java	METHOD	com.google.gson.internal.bind.TypeAdapters$EnumTypeAdapter	read(com.google.gson.stream.JsonReader)	null	null	/home/nima/Developer/nullness-benchmarks/gson/gson/src/main/java/com/google/gson/internal/bind/TypeAdapters.java
RETURN_NULLABLE	returning @Nullable expression from method with @NonNull return type	com.google.gson.internal.bind.TypeAdapters$EnumTypeAdapter	read(com.google.gson.stream.JsonReader)	26241	/home/nima/Developer/nullness-benchmarks/gson/gson/src/main/java/com/google/gson/internal/bind/TypeAdapters.java	METHOD	com.google.gson.internal.bind.TypeAdapters$EnumTypeAdapter	read(com.google.gson.stream.JsonReader)	null	null	/home/nima/Developer/nullness-benchmarks/gson/gson/src/main/java/com/google/gson/internal/bind/TypeAdapters.java
PASS_NULLABLE	passing @Nullable parameter 'value == null ? null : constantToName.get(value)' where @NonNull is required	com.google.gson.internal.bind.TypeAdapters$EnumTypeAdapter	write(com.google.gson.stream.JsonWriter,T)	26376	/home/nima/Developer/nullness-benchmarks/gson/gson/src/main/java/com/google/gson/internal/bind/TypeAdapters.java	PARAMETER	com.google.gson.stream.JsonWriter	value(java.lang.String)	value	0	/home/nima/Developer/nullness-benchmarks/gson/gson/src/main/java/com/google/gson/stream/JsonWriter.java
RETURN_NULLABLE	returning @Nullable expression from method with @NonNull return type	com.google.gson.internal.bind.TypeAdapters$30	create(com.google.gson.Gson,com.google.gson.reflect.TypeToken)	26805	/home/nima/Developer/nullness-benchmarks/gson/gson/src/main/java/com/google/gson/internal/bind/TypeAdapters.java	METHOD	com.google.gson.internal.bind.TypeAdapters$30	create(com.google.gson.Gson,com.google.gson.reflect.TypeToken)	null	null	/home/nima/Developer/nullness-benchmarks/gson/gson/src/main/java/com/google/gson/internal/bind/TypeAdapters.java
RETURN_NULLABLE	returning @Nullable expression from method with @NonNull return type	com.google.gson.internal.bind.TypeAdapters$31	create(com.google.gson.Gson,com.google.gson.reflect.TypeToken)	27355	/home/nima/Developer/nullness-benchmarks/gson/gson/src/main/java/com/google/gson/internal/bind/TypeAdapters.java	METHOD	com.google.gson.internal.bind.TypeAdapters$31	create(com.google.gson.Gson,com.google.gson.reflect.TypeToken)	null	null	/home/nima/Developer/nullness-benchmarks/gson/gson/src/main/java/com/google/gson/internal/bind/TypeAdapters.java
RETURN_NULLABLE	returning @Nullable expression from method with @NonNull return type	com.google.gson.internal.bind.TypeAdapters$32	create(com.google.gson.Gson,com.google.gson.reflect.TypeToken)	27784	/home/nima/Developer/nullness-benchmarks/gson/gson/src/main/java/com/google/gson/internal/bind/TypeAdapters.java	METHOD	com.google.gson.internal.bind.TypeAdapters$32	create(com.google.gson.Gson,com.google.gson.reflect.TypeToken)	null	null	/home/nima/Developer/nullness-benchmarks/gson/gson/src/main/java/com/google/gson/internal/bind/TypeAdapters.java
RETURN_NULLABLE	returning @Nullable expression from method with @NonNull return type	com.google.gson.internal.bind.TypeAdapters$33	create(com.google.gson.Gson,com.google.gson.reflect.TypeToken)	28448	/home/nima/Developer/nullness-benchmarks/gson/gson/src/main/java/com/google/gson/internal/bind/TypeAdapters.java	METHOD	com.google.gson.internal.bind.TypeAdapters$33	create(com.google.gson.Gson,com.google.gson.reflect.TypeToken)	null	null	/home/nima/Developer/nullness-benchmarks/gson/gson/src/main/java/com/google/gson/internal/bind/TypeAdapters.java
RETURN_NULLABLE	returning @Nullable expression from method with @NonNull return type	com.google.gson.internal.bind.TypeAdapters$34	create(com.google.gson.Gson,com.google.gson.reflect.TypeToken)	29181	/home/nima/Developer/nullness-benchmarks/gson/gson/src/main/java/com/google/gson/internal/bind/TypeAdapters.java	METHOD	com.google.gson.internal.bind.TypeAdapters$34	create(com.google.gson.Gson,com.google.gson.reflect.TypeToken)	null	null	/home/nima/Developer/nullness-benchmarks/gson/gson/src/main/java/com/google/gson/internal/bind/TypeAdapters.java
RETURN_NULLABLE	returning @Nullable expression from method with @NonNull return type	com.google.gson.internal.bind.TypeAdapters$35	create(com.google.gson.Gson,com.google.gson.reflect.TypeToken)	30051	/home/nima/Developer/nullness-benchmarks/gson/gson/src/main/java/com/google/gson/internal/bind/TypeAdapters.java	METHOD	com.google.gson.internal.bind.TypeAdapters$35	create(com.google.gson.Gson,com.google.gson.reflect.TypeToken)	null	null	/home/nima/Developer/nullness-benchmarks/gson/gson/src/main/java/com/google/gson/internal/bind/TypeAdapters.java
METHOD_NO_INIT	initializer method does not guarantee @NonNull field delegate (line 50) is initialized along all control-flow paths (remember to check for exceptions or early returns).	com.google.gson.internal.bind.TreeTypeAdapter	TreeTypeAdapter(com.google.gson.JsonSerializer,com.google.gson.JsonDeserializer,com.google.gson.Gson,com.google.gson.reflect.TypeToken,com.google.gson.TypeAdapterFactory)	1973	/home/nima/Developer/nullness-benchmarks/gson/gson/src/main/java/com/google/gson/internal/bind/TreeTypeAdapter.java	null	null	null	null	null	null
RETURN_NULLABLE	returning @Nullable expression from method with @NonNull return type	com.google.gson.internal.bind.TreeTypeAdapter	read(com.google.gson.stream.JsonReader)	2506	/home/nima/Developer/nullness-benchmarks/gson/gson/src/main/java/com/google/gson/internal/bind/TreeTypeAdapter.java	METHOD	com.google.gson.internal.bind.TreeTypeAdapter	read(com.google.gson.stream.JsonReader)	null	null	/home/nima/Developer/nullness-benchmarks/gson/gson/src/main/java/com/google/gson/internal/bind/TreeTypeAdapter.java
PASS_NULLABLE	passing @Nullable parameter 'null' where @NonNull is required	com.google.gson.internal.bind.TreeTypeAdapter	newFactory(com.google.gson.reflect.TypeToken,java.lang.Object)	3324	/home/nima/Developer/nullness-benchmarks/gson/gson/src/main/java/com/google/gson/internal/bind/TreeTypeAdapter.java	PARAMETER	com.google.gson.internal.bind.TreeTypeAdapter$SingleTypeFactory	SingleTypeFactory(java.lang.Object,com.google.gson.reflect.TypeToken,boolean,java.lang.Class)	hierarchyType	3	/home/nima/Developer/nullness-benchmarks/gson/gson/src/main/java/com/google/gson/internal/bind/TreeTypeAdapter.java
PASS_NULLABLE	passing @Nullable parameter 'null' where @NonNull is required	com.google.gson.internal.bind.TreeTypeAdapter	newFactoryWithMatchRawType(com.google.gson.reflect.TypeToken,java.lang.Object)	3769	/home/nima/Developer/nullness-benchmarks/gson/gson/src/main/java/com/google/gson/internal/bind/TreeTypeAdapter.java	PARAMETER	com.google.gson.internal.bind.TreeTypeAdapter$SingleTypeFactory	SingleTypeFactory(java.lang.Object,com.google.gson.reflect.TypeToken,boolean,java.lang.Class)	hierarchyType	3	/home/nima/Developer/nullness-benchmarks/gson/gson/src/main/java/com/google/gson/internal/bind/TreeTypeAdapter.java
PASS_NULLABLE	passing @Nullable parameter 'null' where @NonNull is required	com.google.gson.internal.bind.TreeTypeAdapter	newTypeHierarchyFactory(java.lang.Class,java.lang.Object)	4089	/home/nima/Developer/nullness-benchmarks/gson/gson/src/main/java/com/google/gson/internal/bind/TreeTypeAdapter.java	PARAMETER	com.google.gson.internal.bind.TreeTypeAdapter$SingleTypeFactory	SingleTypeFactory(java.lang.Object,com.google.gson.reflect.TypeToken,boolean,java.lang.Class)	exactType	1	/home/nima/Developer/nullness-benchmarks/gson/gson/src/main/java/com/google/gson/internal/bind/TreeTypeAdapter.java
ASSIGN_FIELD_NULLABLE	assigning @Nullable expression to @NonNull field	com.google.gson.internal.bind.TreeTypeAdapter$SingleTypeFactory	SingleTypeFactory(java.lang.Object,com.google.gson.reflect.TypeToken,boolean,java.lang.Class)	4590	/home/nima/Developer/nullness-benchmarks/gson/gson/src/main/java/com/google/gson/internal/bind/TreeTypeAdapter.java	FIELD	com.google.gson.internal.bind.TreeTypeAdapter$SingleTypeFactory	null	serializer	null	/home/nima/Developer/nullness-benchmarks/gson/gson/src/main/java/com/google/gson/internal/bind/TreeTypeAdapter.java
ASSIGN_FIELD_NULLABLE	assigning @Nullable expression to @NonNull field	com.google.gson.internal.bind.TreeTypeAdapter$SingleTypeFactory	SingleTypeFactory(java.lang.Object,com.google.gson.reflect.TypeToken,boolean,java.lang.Class)	4709	/home/nima/Developer/nullness-benchmarks/gson/gson/src/main/java/com/google/gson/internal/bind/TreeTypeAdapter.java	FIELD	com.google.gson.internal.bind.TreeTypeAdapter$SingleTypeFactory	null	deserializer	null	/home/nima/Developer/nullness-benchmarks/gson/gson/src/main/java/com/google/gson/internal/bind/TreeTypeAdapter.java
RETURN_NULLABLE	returning @Nullable expression from method with @NonNull return type	com.google.gson.internal.bind.TreeTypeAdapter$SingleTypeFactory	create(com.google.gson.Gson,com.google.gson.reflect.TypeToken)	5398	/home/nima/Developer/nullness-benchmarks/gson/gson/src/main/java/com/google/gson/internal/bind/TreeTypeAdapter.java	METHOD	com.google.gson.internal.bind.TreeTypeAdapter$SingleTypeFactory	create(com.google.gson.Gson,com.google.gson.reflect.TypeToken)	null	null	/home/nima/Developer/nullness-benchmarks/gson/gson/src/main/java/com/google/gson/internal/bind/TreeTypeAdapter.java
RETURN_NULLABLE	returning @Nullable expression from method with @NonNull return type	com.google.gson.internal.bind.ArrayTypeAdapter$1	create(com.google.gson.Gson,com.google.gson.reflect.TypeToken)	1652	/home/nima/Developer/nullness-benchmarks/gson/gson/src/main/java/com/google/gson/internal/bind/ArrayTypeAdapter.java	METHOD	com.google.gson.internal.bind.ArrayTypeAdapter$1	create(com.google.gson.Gson,com.google.gson.reflect.TypeToken)	null	null	/home/nima/Developer/nullness-benchmarks/gson/gson/src/main/java/com/google/gson/internal/bind/ArrayTypeAdapter.java
RETURN_NULLABLE	returning @Nullable expression from method with @NonNull return type	com.google.gson.internal.bind.ArrayTypeAdapter	read(com.google.gson.stream.JsonReader)	2459	/home/nima/Developer/nullness-benchmarks/gson/gson/src/main/java/com/google/gson/internal/bind/ArrayTypeAdapter.java	METHOD	com.google.gson.internal.bind.ArrayTypeAdapter	read(com.google.gson.stream.JsonReader)	null	null	/home/nima/Developer/nullness-benchmarks/gson/gson/src/main/java/com/google/gson/internal/bind/ArrayTypeAdapter.java
