message_type	message	enc_class	enc_member	offset	path	target_kind	target_class	target_method	target_param	target_index	target_path
DEREFERENCE_NULLABLE	dereferenced expression value is @Nullable	com.google.gson.Gson$4	read(com.google.gson.stream.JsonReader)	17664	/home/nima/Desktop/docker/benchmarks/gson/gson/src/main/java/com/google/gson/Gson.java	null	null	null	null	null	null
DEREFERENCE_NULLABLE	dereferenced expression longAdapter.read(in) is @Nullable	com.google.gson.Gson$5	read(com.google.gson.stream.JsonReader)	18359	/home/nima/Desktop/docker/benchmarks/gson/gson/src/main/java/com/google/gson/Gson.java	null	null	null	null	null	null
RETURN_NULLABLE	returning @Nullable expression from method with @NonNull return type	com.google.gson.Gson	<T>fromJson(com.google.gson.stream.JsonReader,java.lang.reflect.Type)	41025	/home/nima/Desktop/docker/benchmarks/gson/gson/src/main/java/com/google/gson/Gson.java	METHOD	com.google.gson.Gson	<T>fromJson(com.google.gson.stream.JsonReader,java.lang.reflect.Type)	null	null	/home/nima/Desktop/docker/benchmarks/gson/gson/src/main/java/com/google/gson/Gson.java
RETURN_NULLABLE	returning @Nullable expression from method with @NonNull return type	com.google.gson.Gson	<T>fromJson(com.google.gson.stream.JsonReader,java.lang.reflect.Type)	41238	/home/nima/Desktop/docker/benchmarks/gson/gson/src/main/java/com/google/gson/Gson.java	METHOD	com.google.gson.Gson	<T>fromJson(com.google.gson.stream.JsonReader,java.lang.reflect.Type)	null	null	/home/nima/Desktop/docker/benchmarks/gson/gson/src/main/java/com/google/gson/Gson.java
RETURN_NULLABLE	returning @Nullable expression from method with @NonNull return type	com.google.gson.internal.LinkedTreeMap	get(java.lang.Object)	2849	/home/nima/Desktop/docker/benchmarks/gson/gson/src/main/java/com/google/gson/internal/LinkedTreeMap.java	METHOD	com.google.gson.internal.LinkedTreeMap	get(java.lang.Object)	null	null	/home/nima/Desktop/docker/benchmarks/gson/gson/src/main/java/com/google/gson/internal/LinkedTreeMap.java
DEREFERENCE_NULLABLE	dereferenced expression created is @Nullable	com.google.gson.internal.LinkedTreeMap	put(K,V)	3173	/home/nima/Desktop/docker/benchmarks/gson/gson/src/main/java/com/google/gson/internal/LinkedTreeMap.java	null	null	null	null	null	null
ASSIGN_FIELD_NULLABLE	assigning @Nullable expression to @NonNull field	com.google.gson.internal.LinkedTreeMap	removeInternal(com.google.gson.internal.LinkedTreeMap.Node<K,V>,boolean)	7858	/home/nima/Desktop/docker/benchmarks/gson/gson/src/main/java/com/google/gson/internal/LinkedTreeMap.java	FIELD	com.google.gson.internal.LinkedTreeMap$Node	null	left	null	/home/nima/Desktop/docker/benchmarks/gson/gson/src/main/java/com/google/gson/internal/LinkedTreeMap.java
ASSIGN_FIELD_NULLABLE	assigning @Nullable expression to @NonNull field	com.google.gson.internal.LinkedTreeMap	removeInternal(com.google.gson.internal.LinkedTreeMap.Node<K,V>,boolean)	8074	/home/nima/Desktop/docker/benchmarks/gson/gson/src/main/java/com/google/gson/internal/LinkedTreeMap.java	FIELD	com.google.gson.internal.LinkedTreeMap$Node	null	right	null	/home/nima/Desktop/docker/benchmarks/gson/gson/src/main/java/com/google/gson/internal/LinkedTreeMap.java
ASSIGN_FIELD_NULLABLE	assigning @Nullable expression to @NonNull field	com.google.gson.internal.LinkedTreeMap	removeInternal(com.google.gson.internal.LinkedTreeMap.Node<K,V>,boolean)	8290	/home/nima/Desktop/docker/benchmarks/gson/gson/src/main/java/com/google/gson/internal/LinkedTreeMap.java	FIELD	com.google.gson.internal.LinkedTreeMap$Node	null	left	null	/home/nima/Desktop/docker/benchmarks/gson/gson/src/main/java/com/google/gson/internal/LinkedTreeMap.java
ASSIGN_FIELD_NULLABLE	assigning @Nullable expression to @NonNull field	com.google.gson.internal.LinkedTreeMap	removeInternal(com.google.gson.internal.LinkedTreeMap.Node<K,V>,boolean)	8382	/home/nima/Desktop/docker/benchmarks/gson/gson/src/main/java/com/google/gson/internal/LinkedTreeMap.java	FIELD	com.google.gson.internal.LinkedTreeMap$Node	null	right	null	/home/nima/Desktop/docker/benchmarks/gson/gson/src/main/java/com/google/gson/internal/LinkedTreeMap.java
PASS_NULLABLE	passing @Nullable parameter 'null' where @NonNull is required	com.google.gson.internal.LinkedTreeMap	removeInternal(com.google.gson.internal.LinkedTreeMap.Node<K,V>,boolean)	8420	/home/nima/Desktop/docker/benchmarks/gson/gson/src/main/java/com/google/gson/internal/LinkedTreeMap.java	PARAMETER	com.google.gson.internal.LinkedTreeMap	replaceInParent(com.google.gson.internal.LinkedTreeMap.Node<K,V>,com.google.gson.internal.LinkedTreeMap.Node<K,V>)	replacement	1	/home/nima/Desktop/docker/benchmarks/gson/gson/src/main/java/com/google/gson/internal/LinkedTreeMap.java
METHOD_NO_INIT	initializer method does not guarantee @NonNull fields left (line 442), right (line 443), value (line 447) are initialized along all control-flow paths (remember to check for exceptions or early returns).	com.google.gson.internal.LinkedTreeMap$Node	Node()	13762	/home/nima/Desktop/docker/benchmarks/gson/gson/src/main/java/com/google/gson/internal/LinkedTreeMap.java	null	null	null	null	null	null
METHOD_NO_INIT	initializer method does not guarantee @NonNull fields left (line 442), right (line 443), value (line 447) are initialized along all control-flow paths (remember to check for exceptions or early returns).	com.google.gson.internal.LinkedTreeMap$Node	Node(com.google.gson.internal.LinkedTreeMap.Node<K,V>,K,com.google.gson.internal.LinkedTreeMap.Node<K,V>,com.google.gson.internal.LinkedTreeMap.Node<K,V>)	13860	/home/nima/Desktop/docker/benchmarks/gson/gson/src/main/java/com/google/gson/internal/LinkedTreeMap.java	null	null	null	null	null	null
ASSIGN_FIELD_NULLABLE	assigning @Nullable expression to @NonNull field	com.google.gson.internal.LinkedTreeMap$Node	Node()	13777	/home/nima/Desktop/docker/benchmarks/gson/gson/src/main/java/com/google/gson/internal/LinkedTreeMap.java	FIELD	com.google.gson.internal.LinkedTreeMap$Node	null	key	null	/home/nima/Desktop/docker/benchmarks/gson/gson/src/main/java/com/google/gson/internal/LinkedTreeMap.java
RETURN_NULLABLE	returning @Nullable expression from method with @NonNull return type	com.google.gson.stream.JsonReader	nextString()	27034	/home/nima/Desktop/docker/benchmarks/gson/gson/src/main/java/com/google/gson/stream/JsonReader.java	METHOD	com.google.gson.stream.JsonReader	nextString()	null	null	/home/nima/Desktop/docker/benchmarks/gson/gson/src/main/java/com/google/gson/stream/JsonReader.java
DEREFERENCE_NULLABLE	dereferenced expression created is @Nullable	com.google.gson.internal.LinkedHashTreeMap	put(K,V)	3373	/home/nima/Desktop/docker/benchmarks/gson/gson/src/main/java/com/google/gson/internal/LinkedHashTreeMap.java	null	null	null	null	null	null
ASSIGN_FIELD_NULLABLE	assigning @Nullable expression to @NonNull field	com.google.gson.internal.LinkedHashTreeMap	clear()	3697	/home/nima/Desktop/docker/benchmarks/gson/gson/src/main/java/com/google/gson/internal/LinkedHashTreeMap.java	FIELD	com.google.gson.internal.LinkedHashTreeMap$Node	null	next	null	/home/nima/Desktop/docker/benchmarks/gson/gson/src/main/java/com/google/gson/internal/LinkedHashTreeMap.java
ASSIGN_FIELD_NULLABLE	assigning @Nullable expression to @NonNull field	com.google.gson.internal.LinkedHashTreeMap	clear()	3706	/home/nima/Desktop/docker/benchmarks/gson/gson/src/main/java/com/google/gson/internal/LinkedHashTreeMap.java	FIELD	com.google.gson.internal.LinkedHashTreeMap$Node	null	prev	null	/home/nima/Desktop/docker/benchmarks/gson/gson/src/main/java/com/google/gson/internal/LinkedHashTreeMap.java
ASSIGN_FIELD_NULLABLE	assigning @Nullable expression to @NonNull field	com.google.gson.internal.LinkedHashTreeMap	removeInternal(com.google.gson.internal.LinkedHashTreeMap.Node<K,V>,boolean)	8050	/home/nima/Desktop/docker/benchmarks/gson/gson/src/main/java/com/google/gson/internal/LinkedHashTreeMap.java	FIELD	com.google.gson.internal.LinkedHashTreeMap$Node	null	next	null	/home/nima/Desktop/docker/benchmarks/gson/gson/src/main/java/com/google/gson/internal/LinkedHashTreeMap.java
ASSIGN_FIELD_NULLABLE	assigning @Nullable expression to @NonNull field	com.google.gson.internal.LinkedHashTreeMap	removeInternal(com.google.gson.internal.LinkedHashTreeMap.Node<K,V>,boolean)	8062	/home/nima/Desktop/docker/benchmarks/gson/gson/src/main/java/com/google/gson/internal/LinkedHashTreeMap.java	FIELD	com.google.gson.internal.LinkedHashTreeMap$Node	null	prev	null	/home/nima/Desktop/docker/benchmarks/gson/gson/src/main/java/com/google/gson/internal/LinkedHashTreeMap.java
PASS_NULLABLE	passing @Nullable parameter 'null' where @NonNull is required	com.google.gson.internal.LinkedHashTreeMap	removeInternal(com.google.gson.internal.LinkedHashTreeMap.Node<K,V>,boolean)	9514	/home/nima/Desktop/docker/benchmarks/gson/gson/src/main/java/com/google/gson/internal/LinkedHashTreeMap.java	PARAMETER	com.google.gson.internal.LinkedHashTreeMap	replaceInParent(com.google.gson.internal.LinkedHashTreeMap.Node<K,V>,com.google.gson.internal.LinkedHashTreeMap.Node<K,V>)	replacement	1	/home/nima/Desktop/docker/benchmarks/gson/gson/src/main/java/com/google/gson/internal/LinkedHashTreeMap.java
ASSIGN_FIELD_NULLABLE	assigning @Nullable expression to @NonNull field	com.google.gson.internal.LinkedHashTreeMap	replaceInParent(com.google.gson.internal.LinkedHashTreeMap.Node<K,V>,com.google.gson.internal.LinkedHashTreeMap.Node<K,V>)	9920	/home/nima/Desktop/docker/benchmarks/gson/gson/src/main/java/com/google/gson/internal/LinkedHashTreeMap.java	FIELD	com.google.gson.internal.LinkedHashTreeMap$Node	null	parent	null	/home/nima/Desktop/docker/benchmarks/gson/gson/src/main/java/com/google/gson/internal/LinkedHashTreeMap.java
DEREFERENCE_NULLABLE	dereferenced expression right is @Nullable	com.google.gson.internal.LinkedHashTreeMap	rebalance(com.google.gson.internal.LinkedHashTreeMap.Node<K,V>,boolean)	10984	/home/nima/Desktop/docker/benchmarks/gson/gson/src/main/java/com/google/gson/internal/LinkedHashTreeMap.java	null	null	null	null	null	null
DEREFERENCE_NULLABLE	dereferenced expression left is @Nullable	com.google.gson.internal.LinkedHashTreeMap	rebalance(com.google.gson.internal.LinkedHashTreeMap.Node<K,V>,boolean)	11653	/home/nima/Desktop/docker/benchmarks/gson/gson/src/main/java/com/google/gson/internal/LinkedHashTreeMap.java	null	null	null	null	null	null
DEREFERENCE_NULLABLE	dereferenced expression pivot is @Nullable	com.google.gson.internal.LinkedHashTreeMap	rotateLeft(com.google.gson.internal.LinkedHashTreeMap.Node<K,V>)	12914	/home/nima/Desktop/docker/benchmarks/gson/gson/src/main/java/com/google/gson/internal/LinkedHashTreeMap.java	null	null	null	null	null	null
DEREFERENCE_NULLABLE	dereferenced expression pivot is @Nullable	com.google.gson.internal.LinkedHashTreeMap	rotateRight(com.google.gson.internal.LinkedHashTreeMap.Node<K,V>)	13705	/home/nima/Desktop/docker/benchmarks/gson/gson/src/main/java/com/google/gson/internal/LinkedHashTreeMap.java	null	null	null	null	null	null
METHOD_NO_INIT	initializer method does not guarantee @NonNull fields parent (line 469), value (line 476) are initialized along all control-flow paths (remember to check for exceptions or early returns).	com.google.gson.internal.LinkedHashTreeMap$Node	Node()	14944	/home/nima/Desktop/docker/benchmarks/gson/gson/src/main/java/com/google/gson/internal/LinkedHashTreeMap.java	null	null	null	null	null	null
METHOD_NO_INIT	initializer method does not guarantee @NonNull field value (line 476) is initialized along all control-flow paths (remember to check for exceptions or early returns).	com.google.gson.internal.LinkedHashTreeMap$Node	Node(com.google.gson.internal.LinkedHashTreeMap.Node<K,V>,K,int,com.google.gson.internal.LinkedHashTreeMap.Node<K,V>,com.google.gson.internal.LinkedHashTreeMap.Node<K,V>)	15059	/home/nima/Desktop/docker/benchmarks/gson/gson/src/main/java/com/google/gson/internal/LinkedHashTreeMap.java	null	null	null	null	null	null
RETURN_NULLABLE	returning @Nullable expression from method with @NonNull return type	com.google.gson.internal.LinkedHashTreeMap$Node	getKey()	15366	/home/nima/Desktop/docker/benchmarks/gson/gson/src/main/java/com/google/gson/internal/LinkedHashTreeMap.java	METHOD	com.google.gson.internal.LinkedHashTreeMap$Node	getKey()	null	null	/home/nima/Desktop/docker/benchmarks/gson/gson/src/main/java/com/google/gson/internal/LinkedHashTreeMap.java
ASSIGN_FIELD_NULLABLE	assigning @Nullable expression to @NonNull field	com.google.gson.internal.LinkedHashTreeMap$AvlIterator	reset(com.google.gson.internal.LinkedHashTreeMap.Node<K,V>)	19278	/home/nima/Desktop/docker/benchmarks/gson/gson/src/main/java/com/google/gson/internal/LinkedHashTreeMap.java	FIELD	com.google.gson.internal.LinkedHashTreeMap$Node	null	parent	null	/home/nima/Desktop/docker/benchmarks/gson/gson/src/main/java/com/google/gson/internal/LinkedHashTreeMap.java
ASSIGN_FIELD_NULLABLE	assigning @Nullable expression to @NonNull field	com.google.gson.internal.LinkedHashTreeMap$AvlIterator	next()	19600	/home/nima/Desktop/docker/benchmarks/gson/gson/src/main/java/com/google/gson/internal/LinkedHashTreeMap.java	FIELD	com.google.gson.internal.LinkedHashTreeMap$Node	null	parent	null	/home/nima/Desktop/docker/benchmarks/gson/gson/src/main/java/com/google/gson/internal/LinkedHashTreeMap.java
ASSIGN_FIELD_NULLABLE	assigning @Nullable expression to @NonNull field	com.google.gson.internal.LinkedHashTreeMap$AvlBuilder	add(com.google.gson.internal.LinkedHashTreeMap.Node<K,V>)	21235	/home/nima/Desktop/docker/benchmarks/gson/gson/src/main/java/com/google/gson/internal/LinkedHashTreeMap.java	FIELD	com.google.gson.internal.LinkedHashTreeMap$Node	null	parent	null	/home/nima/Desktop/docker/benchmarks/gson/gson/src/main/java/com/google/gson/internal/LinkedHashTreeMap.java
ASSIGN_FIELD_NULLABLE	assigning @Nullable expression to @NonNull field	com.google.gson.internal.LinkedHashTreeMap$AvlBuilder	add(com.google.gson.internal.LinkedHashTreeMap.Node<K,V>)	21456	/home/nima/Desktop/docker/benchmarks/gson/gson/src/main/java/com/google/gson/internal/LinkedHashTreeMap.java	FIELD	com.google.gson.internal.LinkedHashTreeMap$Node	null	parent	null	/home/nima/Desktop/docker/benchmarks/gson/gson/src/main/java/com/google/gson/internal/LinkedHashTreeMap.java
DEREFERENCE_NULLABLE	dereferenced expression stackTop is @Nullable	com.google.gson.internal.LinkedHashTreeMap$AvlBuilder	root()	23542	/home/nima/Desktop/docker/benchmarks/gson/gson/src/main/java/com/google/gson/internal/LinkedHashTreeMap.java	null	null	null	null	null	null
RETURN_NULLABLE	returning @Nullable expression from method with @NonNull return type	com.google.gson.internal.LinkedHashTreeMap$KeySet$1	next()	25546	/home/nima/Desktop/docker/benchmarks/gson/gson/src/main/java/com/google/gson/internal/LinkedHashTreeMap.java	METHOD	com.google.gson.internal.LinkedHashTreeMap$KeySet$1	next()	null	null	/home/nima/Desktop/docker/benchmarks/gson/gson/src/main/java/com/google/gson/internal/LinkedHashTreeMap.java
RETURN_NULLABLE	returning @Nullable expression from method with @NonNull return type	com.google.gson.internal.Streams	parse(com.google.gson.stream.JsonReader)	1552	/home/nima/Desktop/docker/benchmarks/gson/gson/src/main/java/com/google/gson/internal/Streams.java	METHOD	com.google.gson.internal.Streams	parse(com.google.gson.stream.JsonReader)	null	null	/home/nima/Desktop/docker/benchmarks/gson/gson/src/main/java/com/google/gson/internal/Streams.java
FIELD_NO_INIT	@NonNull field Streams$AppendableWriter$CurrentWrite.chars not initialized	com.google.gson.internal.Streams$AppendableWriter$CurrentWrite	chars	3450	/home/nima/Desktop/docker/benchmarks/gson/gson/src/main/java/com/google/gson/internal/Streams.java	FIELD	com.google.gson.internal.Streams$AppendableWriter$CurrentWrite	null	chars	null	/home/nima/Desktop/docker/benchmarks/gson/gson/src/main/java/com/google/gson/internal/Streams.java
DEREFERENCE_NULLABLE	dereferenced expression unsafeClass is @Nullable	com.google.gson.internal.reflect.UnsafeReflectionAccessor	makeAccessibleWithUnsafe(java.lang.reflect.AccessibleObject)	2124	/home/nima/Desktop/docker/benchmarks/gson/gson/src/main/java/com/google/gson/internal/reflect/UnsafeReflectionAccessor.java	null	null	null	null	null	null
ASSIGN_FIELD_NULLABLE	assigning @Nullable expression to @NonNull field	com.google.gson.internal.$Gson$Types$ParameterizedTypeImpl	ParameterizedTypeImpl(java.lang.reflect.Type,java.lang.reflect.Type,java.lang.reflect.Type...)	17720	/home/nima/Desktop/docker/benchmarks/gson/gson/src/main/java/com/google/gson/internal/$Gson$Types.java	FIELD	com.google.gson.internal.$Gson$Types$ParameterizedTypeImpl	null	ownerType	null	/home/nima/Desktop/docker/benchmarks/gson/gson/src/main/java/com/google/gson/internal/$Gson$Types.java
DEREFERENCE_NULLABLE	dereferenced expression JsonReaderInternalAccess.INSTANCE is @Nullable	com.google.gson.internal.bind.MapTypeAdapterFactory$Adapter	read(com.google.gson.stream.JsonReader)	7038	/home/nima/Desktop/docker/benchmarks/gson/gson/src/main/java/com/google/gson/internal/bind/MapTypeAdapterFactory.java	null	null	null	null	null	null
DEREFERENCE_NULLABLE	dereferenced expression hierarchyType is @Nullable	com.google.gson.internal.bind.TreeTypeAdapter$SingleTypeFactory	<T>create(com.google.gson.Gson,com.google.gson.reflect.TypeToken<T>)	5526	/home/nima/Desktop/docker/benchmarks/gson/gson/src/main/java/com/google/gson/internal/bind/TreeTypeAdapter.java	null	null	null	null	null	null
